date,price
2024-12-01 10:13:02.693,96931.6481377739
2024-12-01 11:06:57.104,97002.85526437357
2024-12-01 12:17:09.977,97134.4449430997
2024-12-01 13:13:23.923,97038.9439813737
2024-12-01 14:08:25.993,97174.15248879559
2024-12-01 15:00:45.230,97326.08031323279
2024-12-01 16:18:57.986,97270.41742463625
2024-12-01 17:00:42.253,97189.56420320657
2024-12-01 18:05:34.390,97365.59444539624
2024-12-01 19:17:52.924,97263.83812097862
2024-12-01 20:17:58.472,97000.42842281252
2024-12-01 21:02:44.237,97150.57786301634
2024-12-01 22:06:47.189,97837.54244122059
2024-12-01 23:07:25.109,97755.07541514019
2024-12-02 00:03:59.590,97236.36305090637
2024-12-02 01:06:12.422,97557.01333182376
2024-12-02 02:09:49.091,97921.26065528078
2024-12-02 03:18:08.006,97598.79449106254
2024-12-02 04:02:58.916,96464.44252221848
2024-12-02 05:02:55.753,96756.32858096625
2024-12-02 06:13:14.208,96216.55939670413
2024-12-02 07:04:10.211,96353.93251880011
2024-12-02 08:05:30.331,96003.50480472743
2024-12-02 09:09:46.275,95033.54125142765
2024-12-02 10:08:26.305,95258.52690171727
2024-12-02 11:08:56.403,95015.53517311942
2024-12-02 12:09:18.706,95105.9103913035
2024-12-02 13:05:38.405,94983.1184922097
2024-12-02 14:14:13.207,95752.15673527643
2024-12-02 15:16:27.972,96640.36378149671
2024-12-02 16:14:09.035,97338.64014986507
2024-12-02 17:07:58.851,96506.95476231267
2024-12-02 18:21:32.779,95577.83844022479
2024-12-02 19:13:23.127,95443.08501561117
2024-12-02 20:14:16.128,96092.96869834872
2024-12-02 21:18:49.444,95423.75070304835
2024-12-02 22:09:29.904,95472.40097562649
2024-12-02 23:07:52.696,95609.08860975849
2024-12-03 00:08:19.834,95771.7775765992
2024-12-03 01:03:16.768,95822.44378656257
2024-12-03 02:08:26.328,95437.47317669269
2024-12-03 03:14:48.049,96021.76284501492
2024-12-03 04:10:10.824,96038.90237882962
2024-12-03 05:09:35.557,95975.76179116774
2024-12-03 06:11:58.771,96182.97659291401
2024-12-03 07:10:43.131,95506.0814735822
2024-12-03 08:46:59.084,95384.53241205157
2024-12-03 09:23:52.346,95296.73817137364
2024-12-03 10:04:30.715,95253.15901691148
2024-12-03 11:02:17.544,94725.2456544063
2024-12-03 12:04:52.653,95014.00157299479
2024-12-03 13:04:36.088,94885.53497008028
2024-12-03 14:04:50.568,93696.5978439618
2024-12-03 15:04:59.067,95274.85800912892
2024-12-03 16:07:47.072,95795.02218556103
2024-12-03 17:07:22.199,95194.30198444356
2024-12-03 18:14:42.734,95727.81032300639
2024-12-03 19:09:47.029,95357.57748495684
2024-12-03 20:09:05.380,95358.3280631854
2024-12-03 21:02:22.000,95674.96445986646
2024-12-03 22:06:02.718,95831.265023953
2024-12-03 23:00:25.321,95986.56802975493
2024-12-04 00:09:09.732,95982.21323900338
2024-12-04 01:05:00.021,95784.82682188877
2024-12-04 02:05:51.884,96282.18074787548
2024-12-04 03:04:56.738,95873.78594791057
2024-12-04 04:04:51.668,95811.44403940799
2024-12-04 05:05:16.941,95972.8355028198
2024-12-04 06:01:23.490,96548.93281178985
2024-12-04 07:04:35.146,96593.13716557594
2024-12-04 08:09:46.768,96766.48910557115
2024-12-04 09:01:32.356,96790.9119715239
2024-12-04 10:16:13.376,96818.903875925
2024-12-04 11:00:03.303,96507.04415858182
2024-12-04 12:03:34.307,96282.08107391196
2024-12-04 13:00:35.561,96007.00987674274
2024-12-04 14:03:37.581,95777.33103218696
2024-12-04 15:03:25.210,95979.13988126339
2024-12-04 16:01:49.661,95806.84652097199
2024-12-04 17:03:26.729,94890.05289847856
2024-12-04 18:03:35.318,95624.19362973724
2024-12-04 19:03:25.870,96280.93206312109
2024-12-04 20:03:42.253,97406.80160998485
2024-12-04 21:03:26.845,98945.16291617283
2024-12-04 22:03:29.095,97894.62591077255
2024-12-04 23:03:00.202,98380.45507703637
2024-12-05 00:00:35.557,98881.4694561823
2024-12-05 01:03:22.566,98435.43735724507
2024-12-05 02:00:34.798,98238.84818403497
2024-12-05 03:03:33.416,101421.83483164513
2024-12-05 04:03:00.390,102993.59097558935
2024-12-05 05:01:07.457,103425.4428685291
2024-12-05 06:03:19.756,102640.1318038796
2024-12-05 07:03:19.494,101954.7152753914
2024-12-05 08:02:48.094,102361.19672205136
2024-12-05 09:03:45.331,103009.62070412567
2024-12-05 10:03:40.738,102743.90459828028
2024-12-05 11:03:33.075,102370.395110099
2024-12-05 12:01:22.146,102700.51110153912
2024-12-05 13:03:34.367,103036.85692338014
2024-12-05 14:00:14.209,103015.50735639081
2024-12-05 15:04:50.176,103606.80283966633
2024-12-05 16:05:13.328,101455.89132156898
2024-12-05 17:03:25.330,101168.45744696613
2024-12-05 18:03:32.967,101468.51749059714
2024-12-05 19:03:42.169,100220.47684694908
2024-12-05 20:03:40.960,98965.53564098319
2024-12-05 21:03:41.964,99115.10582206858
2024-12-05 22:03:28.542,99027.87676937091
2024-12-05 23:00:26.340,96489.62148540479
2024-12-06 00:03:20.663,97071.79475131465
2024-12-06 01:03:38.083,97574.21607147499
2024-12-06 02:03:37.942,98172.54905039177
2024-12-06 03:03:31.812,97544.69358415724
2024-12-06 04:03:39.270,97779.11327272863
2024-12-06 05:03:31.952,97937.81606233172
2024-12-06 06:03:35.275,97916.4109662074
2024-12-06 07:03:32.605,98172.93885197869
2024-12-06 08:03:28.880,98184.92051314686
2024-12-06 09:03:31.688,98400.88389964029
2024-12-06 10:03:28.693,98035.87690442483
2024-12-06 11:03:23.383,98235.61414096713
2024-12-06 12:00:10.006,98113.43650949412
2024-12-06 13:03:35.159,97830.48395710898
2024-12-06 14:03:32.743,98694.3824613745
2024-12-06 15:03:34.542,99609.27564995179
2024-12-06 16:08:48.768,99489.60455947198
2024-12-06 17:04:04.596,99271.757616421
2024-12-06 18:01:49.503,100859.98135716809
2024-12-06 19:03:29.592,101590.52137336919
2024-12-06 20:03:23.717,101575.64176063299
2024-12-06 21:02:03.453,101413.6753891751
2024-12-06 22:03:14.917,100557.5295993342
2024-12-06 23:03:30.193,100648.83317503057
2024-12-07 00:03:28.282,99928.05521481452
2024-12-07 01:03:23.971,100408.74512687804
2024-12-07 02:03:26.551,100183.5658026874
2024-12-07 03:01:07.104,100076.36139397848
2024-12-07 04:03:21.922,99431.7288518576
2024-12-07 05:00:30.766,99699.55259705188
2024-12-07 06:02:08.136,99260.72893790831
2024-12-07 07:05:09.514,99491.31611217723
2024-12-07 08:03:04.634,99596.43186712274
2024-12-07 09:00:22.214,99648.40484337529
2024-12-07 10:03:27.707,99777.65421197002
2024-12-07 11:00:41.969,99639.93318003212
2024-12-07 12:02:17.623,99746.17018634557
2024-12-07 13:01:00.982,99545.51216053427
2024-12-07 14:02:28.302,99454.39921942963
2024-12-07 15:03:22.819,99547.60420718354
2024-12-07 16:03:24.734,99877.38414540082
2024-12-07 17:03:21.691,99696.25232916776
2024-12-07 18:01:21.419,99717.2700314381
2024-12-07 19:00:47.245,100316.74021996472
2024-12-07 20:02:20.382,100150.4600458066
2024-12-07 21:03:25.765,100387.43277688618
2024-12-07 22:03:21.466,99986.27428037794
2024-12-07 23:01:36.020,99714.62219537982
2024-12-08 00:00:33.051,99781.82999198174
2024-12-08 01:01:29.665,100093.91981142433
2024-12-08 02:02:12.314,99862.76415968286
2024-12-08 03:03:26.418,100196.2140093384
2024-12-08 04:03:16.102,100000.43022327397
2024-12-08 05:03:32.400,99810.92717913237
2024-12-08 06:00:09.360,99447.60724454361
2024-12-08 07:02:48.848,99732.44095259684
2024-12-08 08:03:30.427,99723.31815302378
2024-12-08 09:02:29.775,99023.68305420919
2024-12-08 10:03:24.515,98929.92844600427
2024-12-08 11:02:45.841,99331.30105113215
2024-12-08 12:03:31.967,99754.7768522786
2024-12-08 13:03:31.256,99942.77424660439
2024-12-08 14:03:19.790,100464.25685327388
2024-12-08 15:03:28.569,99793.30624506567
2024-12-08 16:03:30.620,99960.38207123477
2024-12-08 17:03:31.420,99899.03575253555
2024-12-08 18:02:58.998,99986.10262488868
2024-12-08 19:03:29.107,99660.92065618507
2024-12-08 20:03:36.251,100202.71014270514
2024-12-08 21:03:25.397,99818.18285201913
2024-12-08 22:03:16.787,100088.38635062006
2024-12-08 23:03:30.741,100312.69149646896
2024-12-09 00:03:34.568,101200.19297467085
2024-12-09 01:02:17.002,99652.9133055998
2024-12-09 02:02:42.049,99538.11718985396
2024-12-09 03:02:06.426,99265.6326527906
2024-12-09 04:01:04.262,98767.74882215231
2024-12-09 05:04:33.864,99467.41882642455
2024-12-09 06:02:58.811,99464.1822382547
2024-12-09 07:03:23.230,99072.06281298159
2024-12-09 08:02:30.568,99565.075369978
2024-12-09 09:00:53.212,98892.01674132037
2024-12-09 10:02:03.712,98392.75350222512
2024-12-09 11:03:30.126,98724.91556736542
2024-12-09 12:00:52.227,98010.16158118055
2024-12-09 13:03:40.766,98575.02651875037
2024-12-09 14:03:37.456,98998.51106740255
2024-12-09 15:03:38.502,100281.08359623082
2024-12-09 16:03:04.869,97921.48726033418
2024-12-09 17:03:29.744,97819.99371823459
2024-12-09 18:03:36.360,97394.18276855789
2024-12-09 19:03:30.397,97775.95108101096
2024-12-09 20:03:32.904,97010.6115982201
2024-12-09 21:03:31.421,96202.22140258037
2024-12-09 22:02:30.466,96965.94528096775
2024-12-09 23:03:04.428,96985.94363974527
2024-12-10 00:08:22.043,97166.10106772359
2024-12-10 01:05:42.953,97907.09504288543
2024-12-10 02:03:42.848,98018.51319323164
2024-12-10 03:03:42.408,96680.47317623864
2024-12-10 04:03:10.301,96957.57996678505
2024-12-10 05:00:29.174,97099.22409455535
2024-12-10 06:03:06.905,96919.17158795733
2024-12-10 07:03:40.466,97517.36296729933
2024-12-10 08:02:24.841,97224.46281578214
2024-12-10 09:03:32.175,97415.12408041043
2024-12-10 10:01:56.431,97594.0768220482
2024-12-10 11:03:38.659,97653.62962753898
2024-12-10 12:03:44.867,97802.23594364406
2024-12-10 13:03:41.767,97101.79603392091
2024-12-10 14:03:48.026,97779.31233566765
2024-12-10 15:01:27.462,97693.55695658634
2024-12-10 16:00:47.601,95763.4260302165
2024-12-10 17:03:34.652,96424.89722261147
2024-12-10 18:03:37.616,94561.73726601216
2024-12-10 19:03:41.601,95070.08436228817
2024-12-10 20:03:54.863,95927.68180667266
2024-12-10 21:02:57.625,96608.91540144551
2024-12-10 22:03:44.834,97033.6611743948
2024-12-10 23:07:35.259,97144.5402258447
2024-12-11 00:03:40.045,96643.1319918391
2024-12-11 01:03:31.209,96508.91515321165
2024-12-11 02:03:37.853,95740.9358358451
2024-12-11 03:03:06.163,97192.62580148017
2024-12-11 04:03:36.007,97475.07334493665
2024-12-11 05:03:47.037,97576.12120234626
2024-12-11 06:03:44.395,97479.7258169066
2024-12-11 07:03:46.627,97725.94367893095
2024-12-11 08:03:49.136,97343.92073462378
2024-12-11 09:03:28.672,98147.68686597412
2024-12-11 10:03:53.914,98026.8820528448
2024-12-11 11:03:45.997,98237.77966498482
2024-12-11 12:03:53.839,98341.68482519439
2024-12-11 13:03:43.550,98191.62238411448
2024-12-11 14:03:45.959,98816.47055771381
2024-12-11 15:00:23.879,99487.77999735494
2024-12-11 16:01:53.728,100442.00264105592
2024-12-11 17:03:47.557,100646.84286491614
2024-12-11 18:02:46.101,99807.41436807676
2024-12-11 19:03:39.219,100392.49942471038
2024-12-11 20:03:35.009,101228.92240263557
2024-12-11 21:03:32.556,101313.10200152324
2024-12-11 22:01:23.011,101646.8874292423
2024-12-11 23:03:43.421,101270.6379619385
2024-12-12 00:03:46.814,101204.95194576346
2024-12-12 01:03:18.149,100846.73305929413
2024-12-12 02:03:46.434,100578.25561971699
2024-12-12 03:02:46.284,101960.73234131302
2024-12-12 04:03:37.465,101057.25491132747
2024-12-12 05:03:36.843,100667.9189917492
2024-12-12 06:03:35.981,100632.33885893488
2024-12-12 07:04:19.963,100648.25505951614
2024-12-12 08:03:39.111,100521.73876795317
2024-12-12 09:03:16.502,101001.90557768264
2024-12-12 10:03:32.949,100874.14577941263
2024-12-12 11:06:39.680,100534.11926898496
2024-12-12 12:07:16.357,100556.70561133545
2024-12-12 13:03:33.701,100882.154045816
2024-12-12 14:03:01.099,100883.1481854534
2024-12-12 15:03:41.908,101784.84761745848
2024-12-12 16:02:01.995,101711.46795969296
2024-12-12 17:07:24.051,101506.14695275504
2024-12-12 18:01:20.591,101441.30683479072
2024-12-12 19:00:00.200,100962.95303548785
2024-12-12 20:03:43.712,99491.35763334374
2024-12-12 21:03:36.231,99994.33945566817
2024-12-12 22:03:39.217,99794.16878396785
2024-12-12 23:03:43.746,100440.44144022003
2024-12-13 00:03:46.072,100006.33728156584
2024-12-13 01:03:44.930,100103.33259715106
2024-12-13 02:01:01.522,99361.7584775802
2024-12-13 03:03:35.174,99462.22097286233
2024-12-13 04:03:07.966,99784.77696942778
2024-12-13 05:00:36.101,100059.66050266018
2024-12-13 06:03:37.233,99902.84274836683
2024-12-13 07:03:39.587,99822.14745393266
2024-12-13 08:03:49.431,100158.16571803713
2024-12-13 09:03:52.621,100294.03406466289
2024-12-13 10:00:13.417,100170.25111216774
2024-12-13 11:01:54.581,100541.58250554636
2024-12-13 12:03:58.737,100381.56384358315
2024-12-13 13:02:48.385,100277.75700155286
2024-12-13 14:03:44.772,100227.37930013504
2024-12-13 15:03:40.683,101036.43755793893
2024-12-13 16:03:49.780,99971.4251622482
2024-12-13 17:01:47.046,100852.68428415606
2024-12-13 18:03:48.890,101744.12465323649
2024-12-13 19:02:24.892,101530.14299816133
2024-12-13 20:00:15.889,101668.54231064099
2024-12-13 21:03:47.214,101651.52500445163
2024-12-13 22:03:42.158,101369.0542457129
2024-12-13 23:08:22.391,101296.08420824334
2024-12-14 00:03:44.546,101352.22971292294
2024-12-14 01:03:43.070,101395.64804090014
2024-12-14 02:03:47.415,102136.61848405775
2024-12-14 03:03:43.732,102036.62732136024
2024-12-14 04:03:38.402,102122.04698841479
2024-12-14 05:03:37.036,101667.13197710965
2024-12-14 06:04:04.847,101696.54976423926
2024-12-14 07:03:43.484,101915.900591155
2024-12-14 08:03:55.112,101822.03638411197
2024-12-14 09:03:39.432,101814.13187474839
2024-12-14 10:02:39.129,101548.1897190403
2024-12-14 11:03:51.016,101538.3591750462
2024-12-14 12:01:33.372,101566.6119968529
2024-12-14 13:00:36.945,101278.91043965096
2024-12-14 14:00:55.798,101140.34510219195
2024-12-14 15:03:50.461,101443.25853282116
2024-12-14 16:03:42.984,101599.08062756361
2024-12-14 17:01:44.767,101608.33037581219
2024-12-14 18:02:49.037,100919.16552864201
2024-12-14 19:07:13.723,100997.51180621373
2024-12-14 20:03:41.479,101318.67355588109
2024-12-14 21:03:43.787,100790.18891772504
2024-12-14 22:00:00.887,101064.55676623587
2024-12-14 23:08:27.628,101064.1258180627
2024-12-15 00:01:56.694,101393.1996919875
2024-12-15 01:01:35.391,101427.83945003885
2024-12-15 02:04:45.674,102138.9954503918
2024-12-15 03:02:52.695,101795.30509042315
2024-12-15 04:00:35.723,101731.01067173423
2024-12-15 05:03:41.633,102332.0460693008
2024-12-15 06:03:40.321,102106.36927599549
2024-12-15 07:03:47.737,101760.17058400591
2024-12-15 08:03:40.467,101737.62631414826
2024-12-15 09:02:39.631,101974.94257740684
2024-12-15 10:02:27.200,102238.99965639517
2024-12-15 11:01:31.027,102273.93697695846
2024-12-15 12:03:54.629,102670.03424860006
2024-12-15 13:03:45.136,102825.18790843466
2024-12-15 14:00:19.271,102856.05544534516
2024-12-15 15:03:51.045,102958.85042118382
2024-12-15 16:04:57.551,102687.43102436465
2024-12-15 17:03:44.812,103035.69724768725
2024-12-15 18:03:46.379,103119.40465508131
2024-12-15 19:00:29.199,103127.79309660214
2024-12-15 20:04:57.702,103273.69291451228
2024-12-15 21:03:13.159,103114.82662873341
2024-12-15 22:03:41.565,102832.69010004963
2024-12-15 23:03:44.440,103299.66293670298
2024-12-16 00:03:43.798,104721.50151808978
2024-12-16 01:04:01.948,105466.77955550037
2024-12-16 02:03:43.107,105494.26514589906
2024-12-16 03:03:51.423,104539.43711914279
2024-12-16 04:03:43.678,104556.32165668416
2024-12-16 05:03:46.250,104599.11753946326
2024-12-16 06:03:48.831,104980.61831687567
2024-12-16 07:03:38.383,105064.80127579396
2024-12-16 08:00:53.577,104987.11672005488
2024-12-16 09:03:58.752,104485.50722610675
2024-12-16 10:03:39.732,104785.88396917864
2024-12-16 11:03:02.109,104649.44144650658
2024-12-16 12:03:52.690,103668.76924235463
2024-12-16 13:03:57.126,103569.92156219382
2024-12-16 14:01:23.754,103873.16095776264
2024-12-16 15:03:52.162,105437.55511016781
2024-12-16 16:01:13.678,106351.01927429502
2024-12-16 17:03:55.984,106794.3051699627
2024-12-16 18:08:30.933,106918.82561438138
2024-12-16 19:01:52.844,106993.98136116777
2024-12-16 20:03:53.322,106657.00169847369
2024-12-16 21:03:54.986,105987.7408393201
2024-12-16 22:01:32.367,106138.43917329202
2024-12-16 23:03:43.182,105810.63129202551
2024-12-17 00:03:57.860,106090.34824764448
2024-12-17 01:01:56.836,105934.65392664201
2024-12-17 02:06:10.847,106439.64216256216
2024-12-17 03:03:44.890,106244.34686147372
2024-12-17 04:03:53.060,106850.71231638946
2024-12-17 05:02:28.677,106505.73714057312
2024-12-17 06:08:30.950,106808.00495376455
2024-12-17 07:03:49.653,106552.99936336454
2024-12-17 08:03:40.809,106812.54995693333
2024-12-17 09:03:52.257,107385.08539679593
2024-12-17 10:01:22.808,107262.93880856986
2024-12-17 11:00:28.758,107057.82114195262
2024-12-17 12:03:52.384,106759.84150361962
2024-12-17 13:03:50.432,107144.06968293274
2024-12-17 14:02:31.896,107257.65075654878
2024-12-17 15:03:44.566,108134.70395538819
2024-12-17 16:03:40.742,106535.29494891826
2024-12-17 17:04:01.256,106955.08767754669
2024-12-17 18:00:09.610,107473.87402886094
2024-12-17 19:03:53.037,106620.36859225559
2024-12-17 20:02:40.683,106495.851999691
2024-12-17 21:00:58.374,106867.01636159551
2024-12-17 22:00:59.227,106437.50654388372
2024-12-17 23:03:25.541,105991.35725127581
2024-12-18 00:00:57.453,106034.913402645
2024-12-18 01:03:47.203,106149.11340029488
2024-12-18 02:03:42.698,105190.79206824518
2024-12-18 03:02:46.066,105319.25678272374
2024-12-18 04:03:42.486,104741.06291547064
2024-12-18 05:03:39.007,103848.14862914359
2024-12-18 06:03:51.833,103581.1649173861
2024-12-18 07:03:53.351,103745.29390075702
2024-12-18 08:08:22.837,104220.26262856125
2024-12-18 09:03:45.912,103784.92721839932
2024-12-18 10:03:41.902,104018.51039227222
2024-12-18 11:03:48.452,104503.22403619888
2024-12-18 12:02:09.044,105037.05730308131
2024-12-18 13:03:52.431,104983.4812916073
2024-12-18 14:07:46.894,104661.925494947
2024-12-18 15:03:54.033,103821.24917889903
2024-12-18 16:01:16.381,104432.30722802308
2024-12-18 17:00:45.402,104094.33900138023
2024-12-18 18:00:33.096,104678.01144932646
2024-12-18 19:03:43.639,104758.83469100454
2024-12-18 20:03:36.617,102841.52482177617
2024-12-18 21:03:46.160,100808.59929784118
2024-12-18 22:00:48.235,101086.85581469846
2024-12-18 23:03:45.316,101083.02779137746
2024-12-19 00:08:27.646,100590.40674241254
2024-12-19 01:07:37.156,100600.05164879694
2024-12-19 02:08:15.029,99633.64670369614
2024-12-19 03:03:40.911,100551.46473680543
2024-12-19 04:03:58.701,101108.11065724379
2024-12-19 05:02:10.062,100726.40114454311
2024-12-19 06:03:47.123,101258.80387274455
2024-12-19 07:03:42.717,101127.78439769728
2024-12-19 08:03:51.802,101633.08154677396
2024-12-19 09:02:52.754,101673.23999436577
2024-12-19 10:01:04.092,101744.02466948032
2024-12-19 11:03:49.410,102392.35475315936
2024-12-19 12:03:58.230,102387.29792223322
2024-12-19 13:03:54.700,101909.81424970203
2024-12-19 14:03:53.949,101863.06927014618
2024-12-19 15:01:36.158,101197.40710002492
2024-12-19 16:03:49.233,100551.81801428292
2024-12-19 17:02:20.724,100586.34545570784
2024-12-19 18:07:46.483,98143.20797331037
2024-12-19 19:00:56.008,98759.73785158253
2024-12-19 20:03:55.279,97157.32411807193
2024-12-19 21:01:52.531,96448.90175250097
2024-12-19 22:00:34.716,97634.61744421945
2024-12-19 23:03:52.130,98136.51932716771
2024-12-20 00:03:48.547,97851.35377075805
2024-12-20 01:03:47.246,97198.79685094622
2024-12-20 02:03:14.782,96029.7899967946
2024-12-20 03:03:50.978,97516.2050419872
2024-12-20 04:03:58.587,97026.85826080089
2024-12-20 05:00:00.000,97231.17832519255
2024-12-20 06:02:53.787,96660.24567334302
2024-12-20 07:03:56.172,97418.38122056802
2024-12-20 08:03:47.744,97712.83000438925
2024-12-20 09:03:18.901,95276.01330725009
2024-12-20 10:03:53.139,94655.00770823027
2024-12-20 11:03:56.271,94192.50465512306
2024-12-20 12:02:33.181,92805.75666996102
2024-12-20 13:04:03.486,93865.8516499566
2024-12-20 14:03:46.073,95496.08297611057
2024-12-20 15:03:57.744,95642.32275982088
2024-12-20 16:03:58.433,96855.10107857324
2024-12-20 17:00:35.762,96645.71101759745
2024-12-20 18:03:52.106,97234.75395055958
2024-12-20 19:02:08.246,97267.9383846706
2024-12-20 20:03:53.849,97048.57278195025
2024-12-20 21:06:36.024,96362.60195226806
2024-12-20 22:01:09.790,96608.99778118312
2024-12-20 23:03:53.509,97430.35276861327
2024-12-21 00:03:49.174,97691.43431692653
2024-12-21 01:03:55.587,97507.84162044193
2024-12-21 02:03:35.347,97367.89389041727
2024-12-21 03:02:23.621,97359.76640529782
2024-12-21 04:02:22.955,97412.50918770437
2024-12-21 05:03:43.874,97516.5221543344
2024-12-21 06:03:54.868,98661.272804548
2024-12-21 07:02:21.998,98675.03031457054
2024-12-21 08:03:52.484,99063.71975920832
2024-12-21 09:03:49.998,98615.89731302514
2024-12-21 10:03:49.834,98538.76505417588
2024-12-21 11:03:51.705,98108.60460263013
2024-12-21 12:08:31.830,98037.11544014173
2024-12-21 13:03:22.962,97377.54934648574
2024-12-21 14:03:47.458,97358.57999864942
2024-12-21 15:08:31.154,97128.48100400306
2024-12-21 16:03:46.166,97470.60341011999
2024-12-21 17:02:09.641,97288.66036256633
2024-12-21 18:03:47.846,97603.55920607864
2024-12-21 19:01:21.065,97286.59877093455
2024-12-21 20:03:40.416,97092.14286004793
2024-12-21 21:03:48.317,97411.02826020514
2024-12-21 22:02:59.663,96941.26398149885
2024-12-21 23:04:05.448,97048.2053474754
2024-12-22 00:03:45.742,97244.35762866863
2024-12-22 01:03:42.243,97172.66559153362
2024-12-22 02:03:50.614,97005.50743627905
2024-12-22 03:03:47.984,96623.52100166595
2024-12-22 04:03:48.007,96902.3772340153
2024-12-22 05:03:45.815,96081.76035559733
2024-12-22 06:03:52.483,96291.03007140265
2024-12-22 07:03:05.279,96686.00231297479
2024-12-22 08:04:00.387,96153.042882627
2024-12-22 09:00:26.707,96555.51567404097
2024-12-22 10:03:33.622,96892.21545826268
2024-12-22 11:04:01.080,96915.85584401232
2024-12-22 12:03:57.261,97139.27539827072
2024-12-22 13:03:55.586,96945.12552232458
2024-12-22 14:03:54.973,96938.42533847172
2024-12-22 15:08:41.736,95460.69620479741
2024-12-22 16:04:01.498,95209.89915446886
2024-12-22 17:03:41.113,95668.34560923881
2024-12-22 18:03:55.997,95544.50786640248
2024-12-22 19:03:58.954,95891.77545961997
2024-12-22 20:03:50.359,94642.4145986112
2024-12-22 21:03:54.124,95496.25262170903
2024-12-22 22:03:52.859,95033.93282605492
2024-12-22 23:03:31.782,95454.72024777101
2024-12-23 00:03:55.493,95110.22476004054
2024-12-23 01:03:24.218,94249.37064248421
2024-12-23 02:04:07.106,94348.83245934983
2024-12-23 03:04:06.207,94632.91589043716
2024-12-23 04:03:58.056,95932.78229351218
2024-12-23 05:02:43.986,95739.5252308345
2024-12-23 06:04:01.198,95496.09313363495
2024-12-23 07:03:54.599,94776.84487073896
2024-12-23 08:06:27.814,95329.18906870497
2024-12-23 09:08:34.052,96017.0900413
2024-12-23 10:04:03.054,95928.06581553773
2024-12-23 11:02:40.497,96386.0794422067
2024-12-23 12:00:46.673,95817.04472720862
2024-12-23 13:03:41.225,96198.14433867254
2024-12-23 14:03:50.821,94764.51142114567
2024-12-23 15:03:52.376,93783.90817228667
2024-12-23 16:03:59.649,93091.52827026883
2024-12-23 17:03:57.468,93778.10358191631
2024-12-23 18:00:10.237,93177.61328753472
2024-12-23 19:04:05.066,92628.82282918232
2024-12-23 20:03:56.278,92875.32894073278
2024-12-23 21:04:06.995,93153.2599332778
2024-12-23 22:03:45.892,93947.83041820853
2024-12-23 23:02:52.481,95155.9932938399
2024-12-24 00:03:50.956,94783.55282299334
2024-12-24 01:03:57.151,94452.81486208398
2024-12-24 02:04:03.524,94022.76657471212
2024-12-24 03:00:59.240,93731.97579417886
2024-12-24 04:05:35.230,94226.32288231308
2024-12-24 05:04:00.633,94288.7786212906
2024-12-24 06:11:04.223,94437.02811928229
2024-12-24 07:06:35.316,93696.2286655834
2024-12-24 08:15:38.942,94430.24704023327
2024-12-24 09:17:20.077,93904.34514336252
2024-12-24 10:17:44.456,93843.22864300416
2024-12-24 11:04:31.710,93847.45149049634
2024-12-24 12:07:57.399,94231.12625982042
2024-12-24 13:10:55.543,94180.71055672027
2024-12-24 14:09:43.936,95848.57730898821
2024-12-24 15:10:38.912,97238.80611762808
2024-12-24 16:06:18.024,98151.72570799723
2024-12-24 17:00:54.159,98540.00714964255
2024-12-24 18:08:24.369,98943.52498215239
2024-12-24 19:13:12.219,98678.08559817578
2024-12-24 20:13:10.687,97505.34132629931
2024-12-24 21:16:20.831,97744.89154299659
2024-12-24 22:15:39.196,98562.58601531523
2024-12-24 23:00:22.953,98758.15555154771
2024-12-25 00:00:30.267,98695.71400782601
2024-12-25 01:02:04.278,98500.26067034216
2024-12-25 02:15:30.383,97799.22367036463
2024-12-25 03:14:03.895,98185.17824587427
2024-12-25 04:03:46.699,97939.63300496976
2024-12-25 05:05:32.956,98166.14843598155
2024-12-25 06:02:09.028,98256.56321230729
2024-12-25 07:11:54.348,98017.71510715655
2024-12-25 08:07:34.811,97939.25170926686
2024-12-25 09:06:08.400,97972.34608014901
2024-12-25 10:05:37.502,98096.99301652769
2024-12-25 11:02:34.407,98336.47528260502
2024-12-25 12:12:43.677,97825.05610463647
2024-12-25 13:05:26.962,98116.90414721801
2024-12-25 14:05:12.428,98360.53224699968
2024-12-25 15:02:52.485,98574.10579870746
2024-12-25 16:13:14.772,98507.38795680397
2024-12-25 17:09:59.284,98322.23617320624
2024-12-25 18:14:59.406,98625.17641832161
2024-12-25 19:06:39.276,98676.48814762365
2024-12-25 20:01:31.215,98930.64036374552
2024-12-25 21:12:36.844,99144.05633754666
2024-12-25 22:10:33.371,98436.17536077047
2024-12-25 23:10:59.555,99141.93981786452
2024-12-26 00:00:46.508,99344.95417367229
2024-12-26 01:07:58.048,98949.44292464617
2024-12-26 02:09:47.846,98936.89534325956
2024-12-26 03:04:29.773,98686.78953052338
2024-12-26 04:14:05.769,98659.98368388147
2024-12-26 05:13:48.840,98104.91726778065
2024-12-26 06:12:44.769,98247.92246369661
2024-12-26 07:02:13.298,98015.2331340629
2024-12-26 08:14:23.894,96688.97259453255
2024-12-26 09:04:22.304,95759.02291449787
2024-12-26 10:03:14.393,95362.2899789659
2024-12-26 11:04:17.626,95392.89411753211
2024-12-26 12:06:59.226,95536.07804721202
2024-12-26 13:16:06.959,95344.33579308933
2024-12-26 14:11:00.174,95875.25001897622
2024-12-26 15:14:18.254,95280.08348787813
2024-12-26 16:04:15.215,95969.09729102344
2024-12-26 17:01:59.639,96462.6594887941
2024-12-26 18:16:23.012,95582.91934132416
2024-12-26 19:15:12.920,95537.08446737047
2024-12-26 20:10:25.564,96025.15950732773
2024-12-26 21:07:41.761,95555.75847888192
2024-12-26 22:01:00.173,95732.11405747494
2024-12-26 23:12:27.790,95314.47518015576
2024-12-27 00:17:02.607,95634.02848477298
2024-12-27 01:06:45.039,95792.28660710079
2024-12-27 02:00:10.159,95778.20188898395
2024-12-27 03:14:59.489,96129.54763830772
2024-12-27 04:12:45.203,96380.93952383996
2024-12-27 05:03:26.390,96178.80306391607
2024-12-27 06:01:31.848,96146.31305395032
2024-12-27 07:03:33.039,96482.19680961464
2024-12-27 08:03:52.398,94990.47881311874
2024-12-27 09:08:12.376,96120.67646895951
2024-12-27 10:08:36.277,96675.98980054719
2024-12-27 11:03:53.932,96491.92636803203
2024-12-27 12:00:55.983,96677.62912386365
2024-12-27 13:08:35.960,96461.41613720781
2024-12-27 14:00:29.691,96346.43925149385
2024-12-27 15:04:06.625,95388.97652770935
2024-12-27 16:01:22.275,94408.39461806428
2024-12-27 17:02:15.238,94017.7388050886
2024-12-27 18:04:11.272,94147.74475941324
2024-12-27 19:04:00.934,94455.92411271796
2024-12-27 20:08:36.608,94442.94944410972
2024-12-27 21:04:04.995,94505.44721523311
2024-12-27 22:02:25.891,94376.11537507764
2024-12-27 23:04:01.085,94286.96169694321
2024-12-28 00:03:45.671,94188.33183566765
2024-12-28 01:00:06.754,94248.84296526837
2024-12-28 02:02:53.520,94435.24335238207
2024-12-28 03:04:09.248,94266.57807728708
2024-12-28 04:00:39.718,94436.7513895648
2024-12-28 05:01:50.413,94372.44435049243
2024-12-28 06:03:48.973,94470.76153538011
2024-12-28 07:03:32.014,94318.39516035726
2024-12-28 08:01:39.721,94235.97874315767
2024-12-28 09:03:34.730,94337.36522938525
2024-12-28 10:04:05.207,94486.42937410889
2024-12-28 11:02:11.619,94466.47676401735
2024-12-28 12:03:54.988,94608.71724432957
2024-12-28 13:03:55.885,94463.1820008941
2024-12-28 14:04:05.224,94519.9249553859
2024-12-28 15:01:41.932,94288.64488507606
2024-12-28 16:03:22.897,94226.18775514833
2024-12-28 17:02:25.042,94745.09256474876
2024-12-28 18:03:39.994,94857.49386566704
2024-12-28 19:03:57.361,94689.52610606019
2024-12-28 20:04:05.320,94832.31416514638
2024-12-28 21:03:54.887,94916.77729525534
2024-12-28 22:02:44.420,94991.30998043886
2024-12-28 23:02:48.570,95276.23251610585
2024-12-29 00:03:49.615,95069.29796635783
2024-12-29 01:01:09.581,94998.09991111538
2024-12-29 02:03:58.062,94701.58383374191
2024-12-29 03:03:45.713,94978.33543511132
2024-12-29 04:01:08.401,95011.8092016291
2024-12-29 05:03:08.896,94953.98793979596
2024-12-29 06:03:49.257,94965.2019624843
2024-12-29 07:03:42.454,95020.6413640312
2024-12-29 08:03:53.698,95113.31332635686
2024-12-29 09:01:03.208,94968.69262602925
2024-12-29 10:03:44.344,95027.19069525957
2024-12-29 11:03:38.414,95002.09783027926
2024-12-29 12:03:52.917,94868.19957795221
2024-12-29 13:03:46.811,94749.5584470375
2024-12-29 14:03:55.966,94780.49484047244
2024-12-29 15:03:25.684,94483.115993633
2024-12-29 16:03:36.450,94397.43825018949
2024-12-29 17:01:00.419,93732.32555159299
2024-12-29 18:03:50.589,93788.43385769757
2024-12-29 19:03:57.521,93486.33456781032
2024-12-29 20:02:05.547,93433.68889638147
2024-12-29 21:03:51.198,93678.82144012352
2024-12-29 22:03:45.523,93253.83888545542
2024-12-29 23:03:46.919,92868.96449068608
2024-12-30 00:03:55.891,93467.14705911094
2024-12-30 01:03:52.796,93392.77558471171
2024-12-30 02:03:47.070,93752.01645281966
2024-12-30 03:02:20.126,93720.83397752128
2024-12-30 04:03:32.929,93512.39964028638
2024-12-30 05:02:05.278,93073.1794169563
2024-12-30 06:03:55.187,93383.36450080125
2024-12-30 07:03:31.294,93644.43858574789
2024-12-30 08:01:30.903,93443.19975572213
2024-12-30 09:03:47.715,93686.1842171289
2024-12-30 10:02:30.878,93707.30016591081
2024-12-30 11:03:52.985,93650.67146070524
2024-12-30 12:03:47.463,93694.95441897007
2024-12-30 13:03:46.850,93614.76173350212
2024-12-30 14:04:01.270,92439.7293022887
2024-12-30 15:03:49.127,91816.86482854123
2024-12-30 16:03:59.751,91912.6901010788
2024-12-30 17:04:01.770,91960.47224270926
2024-12-30 18:03:48.856,93690.95687456263
2024-12-30 19:03:57.275,94452.47154334911
2024-12-30 20:03:51.746,94335.28420391784
2024-12-30 21:03:59.518,94197.09203221007
2024-12-30 22:03:57.817,92019.03183521554
2024-12-30 23:03:41.315,92423.43263786552
2024-12-31 00:03:56.989,92666.27265159723
2024-12-31 01:04:03.080,92369.17609127077
2024-12-31 02:02:37.326,92230.48790697765
2024-12-31 03:04:02.080,92381.6704594775
2024-12-31 04:02:46.022,92354.49352219871
2024-12-31 05:00:37.285,92286.89998616955
2024-12-31 06:03:50.457,92469.39036995971
2024-12-31 07:03:40.541,92685.25625049644
2024-12-31 08:04:00.999,92718.63981995817
2024-12-31 09:03:59.225,93750.40549438079
2024-12-31 10:03:35.777,93859.29528595289
2024-12-31 11:01:42.860,93982.05684721791
2024-12-31 12:04:01.387,94089.44634724557
2024-12-31 13:03:56.701,94402.87239591645
2024-12-31 14:03:54.652,95797.4221530335
2024-12-31 15:03:41.093,95590.50300982753
2024-12-31 16:03:55.478,95263.85012987768
2024-12-31 17:02:20.833,94677.81241661204
2024-12-31 18:03:46.172,94011.48993517061
2024-12-31 19:03:41.188,93787.67098159542
2024-12-31 20:03:53.375,93937.48478326376
2024-12-31 21:02:35.637,93456.54456597625
2024-12-31 22:03:52.347,93708.39194380476
2024-12-31 23:02:25.727,93302.2371282602
2025-01-01 00:01:03.787,93507.85874741491
2025-01-01 01:04:00.822,94272.09391214595
2025-01-01 02:02:52.262,93420.39375237148
2025-01-01 03:03:42.364,93869.80795911608
2025-01-01 04:03:56.811,93593.62756698632
2025-01-01 05:07:59.192,93375.94075819162
2025-01-01 06:02:46.406,93586.3591571702
2025-01-01 07:03:36.805,93545.55552532309
2025-01-01 08:03:48.424,93473.87147135605
2025-01-01 09:03:45.583,93339.7181852846
2025-01-01 10:01:24.792,93256.06930579936
2025-01-01 11:08:02.261,93051.98323230208
2025-01-01 12:01:10.869,93297.6075779421
2025-01-01 13:02:53.459,93547.86133526727
2025-01-01 14:07:57.569,94216.98076389902
2025-01-01 15:03:51.366,93968.34922965291
2025-01-01 16:04:03.376,94257.22814652258
2025-01-01 17:03:47.226,93899.58728253447
2025-01-01 18:01:45.870,93934.54706964073
2025-01-01 19:03:53.235,94121.510119208
2025-01-01 20:03:53.428,94468.70579080972
2025-01-01 21:02:11.836,94572.55254464778
2025-01-01 22:03:52.647,94783.15438564416
2025-01-01 23:07:05.181,94557.49630834152
2025-01-02 00:02:11.685,94384.1761153871
2025-01-02 01:04:03.647,94908.41050416253
2025-01-02 02:01:21.708,94677.61195950604
2025-01-02 03:04:19.882,95040.77294698045
2025-01-02 04:04:02.547,94864.72473958398
2025-01-02 05:04:07.701,95483.50168653371
2025-01-02 06:04:10.877,95418.35539033917
2025-01-02 07:03:38.941,95433.72950959054
2025-01-02 08:03:48.685,95718.77841251166
2025-01-02 09:03:46.305,96000.77273223542
2025-01-02 10:03:55.758,96427.25363971504
2025-01-02 11:03:58.397,96481.02548549822
2025-01-02 12:03:58.190,96653.95220084535
2025-01-02 13:03:59.833,96756.65528658801
2025-01-02 14:01:53.926,96339.03229188357
2025-01-02 15:03:53.395,97183.9727598327
2025-01-02 16:03:57.312,96386.06277555888
2025-01-02 17:03:47.014,97073.67946708362
2025-01-02 18:04:10.227,96641.51368666631
2025-01-02 19:03:50.245,97245.4578122557
2025-01-02 20:02:57.516,97433.16006615898
2025-01-02 21:04:05.126,97190.0237351974
2025-01-02 22:04:01.084,97076.03888871246
2025-01-02 23:00:52.372,96839.91368038654
2025-01-03 00:04:08.369,96897.89773864347
2025-01-03 01:03:53.464,96741.07652263448
2025-01-03 02:07:47.402,96749.75952794372
2025-01-03 03:04:15.457,96942.42797852152
2025-01-03 04:03:54.055,96946.67766178324
2025-01-03 05:01:32.781,96726.73309917754
2025-01-03 06:04:02.877,96703.03318851322
2025-01-03 07:03:36.403,96462.29294514481
2025-01-03 08:03:48.275,96249.6236219426
2025-01-03 09:02:15.244,96010.07539005707
2025-01-03 10:03:58.413,96487.27608821382
2025-01-03 11:02:42.797,96425.08432874594
2025-01-03 12:04:01.683,96704.90871031054
2025-01-03 13:02:01.060,96600.50470424946
2025-01-03 14:00:06.734,96481.62117505186
2025-01-03 15:05:40.626,96982.18051207674
2025-01-03 16:06:42.666,97657.94555900974
2025-01-03 17:01:51.800,97804.57307916998
2025-01-03 18:03:49.327,98007.33633659976
2025-01-03 19:03:57.542,98495.11058031
2025-01-03 20:04:08.703,98547.4354983168
2025-01-03 21:04:02.132,98312.36888893423
2025-01-03 22:06:28.622,98409.41464845113
2025-01-03 23:03:54.707,98273.14821437132
2025-01-04 00:08:46.252,98150.88378407732
2025-01-04 01:03:53.639,97916.93909067282
2025-01-04 02:02:45.370,97989.80324325046
2025-01-04 03:03:45.984,98229.78509982131
2025-01-04 04:03:44.483,98190.49162618496
2025-01-04 05:03:43.185,97962.68646367331
2025-01-04 06:03:55.940,98100.6248273594
2025-01-04 07:03:49.123,98080.86063193035
2025-01-04 08:08:27.102,98255.74807771541
2025-01-04 09:03:57.322,97864.44010847888
2025-01-04 10:03:50.432,97647.46657394528
2025-01-04 11:03:37.453,97795.825987815
2025-01-04 12:03:57.997,97853.76686652648
2025-01-04 13:03:40.961,97856.31687651748
2025-01-04 14:04:00.792,97942.47649161342
2025-01-04 15:03:47.550,98010.6769451407
2025-01-04 16:03:48.733,97660.40165094685
2025-01-04 17:03:08.798,97691.11742542221
2025-01-04 18:01:05.606,98014.12082953732
2025-01-04 19:00:54.265,97953.72772508916
2025-01-04 20:03:46.940,98176.837933377
2025-01-04 21:03:47.419,98597.6977847324
2025-01-04 22:03:52.466,98329.92730280086
2025-01-04 23:03:54.273,98318.61063470066
2025-01-05 00:03:05.812,98210.98449148156
2025-01-05 01:06:04.448,98200.77190728656
2025-01-05 02:03:51.158,98118.75309342929
2025-01-05 03:03:45.049,98209.76129204805
2025-01-05 04:03:39.688,98166.25388666027
2025-01-05 05:03:36.996,98328.29404861871
2025-01-05 06:00:58.589,98332.78555774728
2025-01-05 07:03:49.334,98432.36636681829
2025-01-05 08:03:10.339,98245.8124815799
2025-01-05 09:03:56.425,97817.76442513157
2025-01-05 10:03:54.704,97637.68706954738
2025-01-05 11:03:52.299,97704.45434248327
2025-01-05 12:03:55.843,97597.29563822695
2025-01-05 13:03:48.942,97717.84167711719
2025-01-05 14:08:31.998,97752.80292917966
2025-01-05 15:08:28.579,97903.35804252714
2025-01-05 16:03:45.779,97980.05447935619
2025-01-05 17:03:47.772,98006.42767299642
2025-01-05 18:03:43.429,97736.80879324183
2025-01-05 19:03:51.339,97879.65721104095
2025-01-05 20:03:05.242,98030.12971663495
2025-01-05 21:01:52.308,98258.37175821283
2025-01-05 22:03:48.536,98480.67704270713
2025-01-05 23:02:57.215,98674.4717793097
2025-01-06 00:03:43.262,98349.76145610317
2025-01-06 01:00:27.106,98260.4555439427
2025-01-06 02:01:11.314,98932.73270483148
2025-01-06 03:03:46.032,98768.96235574882
2025-01-06 04:03:33.819,98996.27552480306
2025-01-06 05:03:53.176,99458.00579391218
2025-01-06 06:01:55.435,99706.8161068128
2025-01-06 07:01:57.095,99678.90079062301
2025-01-06 08:03:47.471,99308.86949024674
2025-01-06 09:03:54.310,99000.95329517599
2025-01-06 10:03:47.104,98972.82404598132
2025-01-06 11:07:03.953,98752.11208410464
2025-01-06 12:04:03.575,99223.43302212954
2025-01-06 13:01:14.799,99144.54228452529
2025-01-06 14:03:56.597,99466.47680683126
2025-01-06 15:04:02.847,100874.63201501672
2025-01-06 16:00:46.078,102131.74516597329
2025-01-06 17:03:56.218,102145.57789138574
2025-01-06 18:04:04.595,101887.68318378263
2025-01-06 19:03:53.507,101824.43111276487
2025-01-06 20:03:51.145,101850.88874261513
2025-01-06 21:01:53.706,102183.66913674261
2025-01-06 22:03:59.216,101632.17266437788
2025-01-06 23:03:54.110,102079.84721178016
2025-01-07 00:03:51.165,102290.36168484877
2025-01-07 01:01:39.780,102245.05013540204
2025-01-07 02:02:37.236,102015.32717479885
2025-01-07 03:03:45.672,101719.9724022097
2025-01-07 04:03:50.940,101743.39296014521
2025-01-07 05:03:56.641,101684.64989693496
2025-01-07 06:03:54.671,101740.98718316638
2025-01-07 07:00:49.075,101798.19542748286
2025-01-07 08:03:43.630,101708.38722075586
2025-01-07 09:00:55.681,101909.84804423121
2025-01-07 10:03:48.615,101720.2708205161
2025-01-07 11:02:56.760,101398.1935282323
2025-01-07 12:03:34.568,100866.59578639524
2025-01-07 13:03:45.241,100726.84746793781
2025-01-07 14:03:44.775,100639.48658873924
2025-01-07 15:03:39.599,99921.93924248953
2025-01-07 16:03:53.255,98101.03617778444
2025-01-07 17:08:35.779,97531.45367817038
2025-01-07 18:03:52.557,97237.5420586588
2025-01-07 19:03:59.508,96858.74835782654
2025-01-07 20:03:54.963,96372.8695370962
2025-01-07 21:01:49.374,96455.16570172853
2025-01-07 22:02:17.124,96568.91903189495
2025-01-07 23:01:54.139,96966.665012435
2025-01-08 00:03:56.480,96952.09886774956
2025-01-08 01:00:01.762,97121.19853102187
2025-01-08 02:00:06.054,96652.02430379184
2025-01-08 03:03:41.727,96866.90619758787
2025-01-08 04:02:48.768,96524.40069673363
2025-01-08 05:03:26.357,96273.49743248695
2025-01-08 06:03:52.064,96493.0488164961
2025-01-08 07:03:33.876,95259.11661038516
2025-01-08 08:03:45.053,95752.43062955243
2025-01-08 09:01:52.903,95936.07758767459
2025-01-08 10:04:54.024,95440.01590966791
2025-01-08 11:03:40.703,95964.42593086681
2025-01-08 12:03:52.470,95094.07398122773
2025-01-08 13:03:53.796,94910.81444041098
2025-01-08 14:00:57.145,95235.62326380426
2025-01-08 15:02:25.578,95326.94692419912
2025-01-08 16:03:45.947,95400.85484311239
2025-01-08 17:03:56.904,94742.14733612606
2025-01-08 18:04:00.720,94130.65825495949
2025-01-08 19:08:29.738,94214.6539490834
2025-01-08 20:03:49.213,94222.93830354116
2025-01-08 21:08:24.820,94118.38414972041
2025-01-08 22:04:00.926,94477.56220375413
2025-01-08 23:03:48.617,95292.19594677552
2025-01-09 00:03:53.489,95031.89727927743
2025-01-09 01:03:37.169,95105.94661602686
2025-01-09 02:00:33.912,94981.77510307213
2025-01-09 03:01:15.185,94670.15165914538
2025-01-09 04:03:46.521,93973.42069248288
2025-01-09 05:03:58.895,94371.14988852509
2025-01-09 06:03:37.549,94413.64147771963
2025-01-09 07:03:45.682,94045.29022306183
2025-01-09 08:03:49.668,93181.25750394873
2025-01-09 09:03:34.112,92983.14270516166
2025-01-09 10:03:44.955,93491.25888436915
2025-01-09 11:03:45.115,93395.83535425988
2025-01-09 12:03:40.439,93397.66850377186
2025-01-09 13:01:06.950,93364.89605317505
2025-01-09 14:01:36.043,91925.57782676253
2025-01-09 15:03:35.774,92745.1184717717
2025-01-09 16:03:50.283,94561.4894565884
2025-01-09 17:03:49.596,94224.83975755278
2025-01-09 18:03:59.556,92662.36025731087
2025-01-09 19:02:12.001,93043.03727491375
2025-01-09 20:03:47.451,92041.9420888766
2025-01-09 21:03:44.764,91914.30519556114
2025-01-09 22:08:24.136,92281.42649677649
2025-01-09 23:00:48.806,92449.05943331719
2025-01-10 00:00:39.493,92376.27578346101
2025-01-10 01:03:53.006,92750.12255307917
2025-01-10 02:02:43.955,93006.12875184679
2025-01-10 03:02:34.659,93320.2434117482
2025-01-10 04:03:47.256,93710.88128860826
2025-01-10 05:03:55.820,93800.12976037012
2025-01-10 06:03:39.993,93933.23991472083
2025-01-10 07:03:41.459,94162.5651957081
2025-01-10 08:03:55.667,94550.76661253635
2025-01-10 09:00:08.021,94683.1532934011
2025-01-10 10:03:42.796,94791.497381677
2025-01-10 11:03:07.644,95039.77578576424
2025-01-10 12:00:42.892,95027.59771977237
2025-01-10 13:03:41.727,95033.36476789693
2025-01-10 14:03:53.820,93543.97537165566
2025-01-10 15:03:50.501,94051.08752659352
2025-01-10 16:04:00.729,93659.10392114127
2025-01-10 17:01:34.127,93770.27997835191
2025-01-10 18:04:09.105,95798.50871308251
2025-01-10 19:03:55.243,94841.516564267
2025-01-10 20:08:35.312,95288.32957386163
2025-01-10 21:00:57.667,94749.6380033532
2025-01-10 22:03:43.920,94615.50274968399
2025-01-10 23:03:01.396,94761.41483693405
2025-01-11 00:00:33.007,94736.6267420969
2025-01-11 01:03:40.594,94588.12034376372
2025-01-11 02:04:01.668,94409.84496898168
2025-01-11 03:01:01.767,94439.39456775342
2025-01-11 04:03:36.735,94180.36567762114
2025-01-11 05:01:00.898,94046.21843762376
2025-01-11 06:03:43.768,94385.44798943955
2025-01-11 07:03:35.047,94246.67844372314
2025-01-11 08:03:33.528,94214.66493661447
2025-01-11 09:03:47.495,94005.11402214876
2025-01-11 10:03:57.184,94323.92594621287
2025-01-11 11:07:02.769,94480.35066525104
2025-01-11 12:03:18.529,94587.61213624186
2025-01-11 13:08:30.195,94554.37202319445
2025-01-11 14:03:39.213,94391.54571357903
2025-01-11 15:01:03.477,94595.55172876698
2025-01-11 16:01:13.399,94373.32093729395
2025-01-11 17:03:46.342,94411.91553453926
2025-01-11 18:03:49.164,94090.32522828647
2025-01-11 19:03:48.459,94236.98647243754
2025-01-11 20:03:45.187,94202.518354446
2025-01-11 21:03:54.340,94561.03444332824
2025-01-11 22:03:53.461,94908.52887829034
2025-01-11 23:05:47.210,94565.96347474444
2025-01-12 00:03:59.772,94572.19295828749
2025-01-12 01:08:31.557,94342.7718499486
2025-01-12 02:03:39.228,94536.89752196113
2025-01-12 03:03:47.648,94598.60594893617
2025-01-12 04:01:37.214,94565.80576126037
2025-01-12 05:00:19.278,94473.51645693358
2025-01-12 06:00:36.633,94488.70417581518
2025-01-12 07:03:44.892,94379.41910441955
2025-01-12 08:04:05.366,94269.08776026823
2025-01-12 09:03:57.243,94120.71507832203
2025-01-12 10:01:10.265,93857.34535112529
2025-01-12 11:03:07.228,93973.60002136382
2025-01-12 12:03:01.203,94203.80630265319
2025-01-12 13:03:43.210,94255.24861633297
2025-01-12 14:02:42.083,94612.20014403955
2025-01-12 15:08:37.730,94762.22675114391
2025-01-12 16:03:40.915,95011.90335368075
2025-01-12 17:03:33.133,94940.61616931802
2025-01-12 18:03:45.341,95116.66736517011
2025-01-12 19:06:59.760,94918.71731944467
2025-01-12 20:03:45.476,94576.45970517748
2025-01-12 21:03:53.852,94657.53871057613
2025-01-12 22:04:02.372,94290.51967369077
2025-01-12 23:03:43.099,93873.37040550246
2025-01-13 00:00:36.404,94454.77089638807
2025-01-13 01:04:04.515,95230.50136357336
2025-01-13 02:03:18.201,94129.18563934106
2025-01-13 04:03:39.288,94124.68513319505
2025-01-13 05:04:10.854,94466.35491829069
2025-01-13 06:03:43.466,94137.938359676
2025-01-13 07:02:43.832,93330.90109420891
2025-01-13 08:01:18.929,93493.69014743694
2025-01-13 09:03:45.504,92923.16432445054
2025-01-13 10:03:37.047,92965.67305622298
2025-01-13 11:08:18.214,91618.16277553422
2025-01-13 12:03:38.313,91066.50969072059
2025-01-13 13:08:25.727,90897.722821227
2025-01-13 14:03:34.838,91046.88264301587
2025-01-13 15:03:45.868,91673.98885470458
2025-01-13 16:03:28.725,92196.84406025457
2025-01-13 17:03:45.245,91203.86504365341
2025-01-13 18:02:56.846,91929.4735169686
2025-01-13 19:03:35.992,92048.18959367441
2025-01-13 20:03:30.727,92270.75674260661
2025-01-13 21:03:36.362,93565.16184051157
2025-01-13 22:03:39.183,94163.89074775224
2025-01-13 23:02:27.487,94358.10541149687
2025-01-14 00:03:39.758,94504.26849514963
2025-01-14 01:03:49.692,94451.91272177773
2025-01-14 02:03:34.882,94804.22561805036
2025-01-14 03:03:45.339,94883.68177638578
2025-01-14 04:03:28.110,94835.87012890847
2025-01-14 05:07:06.814,95164.61606201969
2025-01-14 06:02:08.027,94861.40427632442
2025-01-14 07:03:31.814,95026.56634935715
2025-01-14 08:03:44.142,94835.05605501651
2025-01-14 09:03:43.031,95629.83923389435
2025-01-14 10:03:40.587,97094.58071458963
2025-01-14 11:03:44.825,96632.48456504791
2025-01-14 12:03:42.018,96497.89985560528
2025-01-14 13:03:48.284,95944.70227292187
2025-01-14 14:01:13.477,96294.5147067344
2025-01-14 15:03:53.442,96149.71628658813
2025-01-14 16:03:45.730,96378.29791315526
2025-01-14 17:03:31.691,95703.54557746142
2025-01-14 18:03:49.663,96479.71578368786
2025-01-14 19:04:01.019,96725.04207974242
2025-01-14 20:02:04.123,96445.88153298218
2025-01-14 21:03:44.525,96376.90845087137
2025-01-14 22:03:44.415,96436.0987455667
2025-01-14 23:07:55.223,96732.3889915353
2025-01-15 00:03:55.939,96535.26005426567
2025-01-15 01:02:15.310,96898.59910352033
2025-01-15 02:03:49.690,97319.90221599893
2025-01-15 03:01:49.127,96793.91016297831
2025-01-15 04:03:52.300,97344.12825674939
2025-01-15 05:03:37.905,97152.95580661457
2025-01-15 06:03:57.754,96975.82520640592
2025-01-15 07:03:48.176,97070.2794164871
2025-01-15 08:04:01.744,97253.12746750425
2025-01-15 09:01:32.692,97164.45043723319
2025-01-15 10:03:49.483,96767.4148350854
2025-01-15 11:03:46.328,96973.352177932
2025-01-15 12:03:51.753,96733.2206123082
2025-01-15 13:03:58.821,96860.46404141473
2025-01-15 14:03:50.777,99009.34518592388
2025-01-15 15:08:34.063,99698.21009750044
2025-01-15 16:05:23.489,99020.1903405399
2025-01-15 17:01:52.106,99059.52193283464
2025-01-15 18:02:36.119,98587.29406546001
2025-01-15 19:01:58.635,99424.49575228071
2025-01-15 20:03:55.233,99895.53095971681
2025-01-15 21:03:47.069,99552.02519007656
2025-01-15 22:04:04.315,99682.76797759626
2025-01-15 23:08:30.265,99725.40578888806
2025-01-16 00:03:45.879,100554.74910518984
2025-01-16 01:03:50.285,99872.64953934235
2025-01-16 02:04:10.530,100070.56672454652
2025-01-16 03:03:48.450,99630.51544331563
2025-01-16 04:03:50.213,99439.88898395892
2025-01-16 05:03:43.614,99587.38224559338
2025-01-16 06:03:49.162,99368.90225582317
2025-01-16 07:00:57.149,99764.60640651133
2025-01-16 08:03:43.013,99739.74868905671
2025-01-16 09:03:38.351,98969.27851480305
2025-01-16 10:02:24.345,99119.30544691836
2025-01-16 11:02:38.884,99175.81276396391
2025-01-16 12:03:36.027,99136.88555434979
2025-01-16 13:03:56.181,99365.30032161868
2025-01-16 14:03:48.635,99020.76827900368
2025-01-16 15:03:05.125,97532.25346033007
2025-01-16 16:03:38.453,99184.80509513128
2025-01-16 17:06:34.563,99454.01193663836
2025-01-16 18:01:27.857,99946.48723935365
2025-01-16 19:03:41.908,99556.10838859396
2025-01-16 20:01:29.439,100377.75137459932
2025-01-16 21:03:43.180,100376.57643817428
2025-01-16 22:03:55.443,100078.78309833872
2025-01-16 23:07:04.001,99877.5171161229
2025-01-17 00:03:53.435,99977.5043880182
2025-01-17 01:03:36.865,100136.85201437982
2025-01-17 02:03:33.821,101711.2074763743
2025-01-17 03:03:45.422,100922.94387590281
2025-01-17 04:03:31.839,101017.72621672494
2025-01-17 05:03:37.991,101472.95109233055
2025-01-17 06:03:59.276,101323.58976179131
2025-01-17 07:03:47.776,101379.5988448226
2025-01-17 08:03:56.365,101529.03229986163
2025-01-17 09:08:35.792,102125.38053312013
2025-01-17 10:03:39.901,101924.67840754567
2025-01-17 11:03:33.572,102243.20379737619
2025-01-17 12:01:23.197,102254.35493395521
2025-01-17 13:03:30.074,102766.20386573607
2025-01-17 14:08:29.520,102659.3182258968
2025-01-17 15:03:57.720,102994.50779036949
2025-01-17 16:03:39.503,103992.60133717468
2025-01-17 17:01:32.048,105079.04362992843
2025-01-17 18:03:41.171,104135.15109877157
2025-01-17 19:01:58.430,104869.64731855925
2025-01-17 20:03:59.254,105850.05041675539
2025-01-17 21:01:22.323,104720.97204550826
2025-01-17 22:03:51.399,104604.0491255822
2025-01-17 23:03:57.627,104347.54717350486
2025-01-18 00:04:00.175,104125.16350264964
2025-01-18 01:04:00.544,104649.37697946737
2025-01-18 02:02:27.845,104302.30585740918
2025-01-18 03:03:42.984,104270.12396931878
2025-01-18 04:01:24.645,103595.00034193484
2025-01-18 05:03:45.747,103572.13908788774
2025-01-18 06:03:55.382,102721.6188330088
2025-01-18 07:04:01.127,103403.60335414654
2025-01-18 08:04:00.917,102777.51756053416
2025-01-18 09:08:34.322,103267.53002630705
2025-01-18 10:03:37.967,103164.20680427943
2025-01-18 11:03:47.737,103119.47099954754
2025-01-18 12:03:50.875,103518.15895444644
2025-01-18 13:03:48.795,103386.25469855574
2025-01-18 14:03:45.538,103816.88335938336
2025-01-18 15:02:29.198,103964.24313651744
2025-01-18 16:03:39.323,104838.54828188014
2025-01-18 17:04:01.713,103160.61556090412
2025-01-18 18:03:50.612,103767.46023413789
2025-01-18 19:03:42.185,103998.0354145325
2025-01-18 20:03:43.045,104274.99450502178
2025-01-18 21:03:59.231,103948.44962343243
2025-01-18 22:04:02.431,103770.53503226313
2025-01-18 23:03:54.226,104216.89840135271
2025-01-19 00:04:02.716,104451.81705559652
2025-01-19 01:00:45.813,104225.99000294389
2025-01-19 02:02:45.330,104397.09550527664
2025-01-19 03:01:33.824,104727.17434469632
2025-01-19 04:03:53.150,104990.56327421108
2025-01-19 05:03:41.830,104843.20490107588
2025-01-19 06:02:58.586,105022.72010867664
2025-01-19 07:00:02.638,105286.20507652058
2025-01-19 08:03:48.562,105006.139909608
2025-01-19 09:02:58.743,104213.78386537512
2025-01-19 10:01:51.921,105161.03375477593
2025-01-19 11:03:57.203,104663.03110592213
2025-01-19 12:03:53.168,104183.90446402156
2025-01-19 13:04:00.578,104763.60494374142
2025-01-19 14:01:31.196,104794.97463549642
2025-01-19 15:03:35.804,105052.62895290433
2025-01-19 16:03:00.842,104612.46378765638
2025-01-19 17:03:49.133,104833.7760870572
2025-01-19 18:02:51.310,105001.04819610785
2025-01-19 19:08:18.443,104940.53153985427
2025-01-19 20:03:52.766,106085.44055825933
2025-01-19 21:08:20.194,105758.54910814636
2025-01-19 22:03:47.721,103522.29406215232
2025-01-19 23:03:49.268,103221.86907925215
2025-01-20 00:00:35.807,101275.33714814208
2025-01-20 01:03:41.017,99717.60975037608
2025-01-20 02:03:33.559,100542.11260095066
2025-01-20 03:03:21.316,101655.82318713676
2025-01-20 04:03:40.445,101817.43508803177
2025-01-20 05:03:52.180,102058.75404251853
2025-01-20 06:08:17.577,102455.24137078089
2025-01-20 07:04:13.192,107294.60981195435
2025-01-20 08:04:21.028,107127.07048412197
2025-01-20 09:03:43.103,108228.26762528597
2025-01-20 10:06:15.411,108013.55026978825
2025-01-20 11:00:15.374,108041.04174416988
2025-01-20 12:03:41.215,108161.99567857297
2025-01-20 13:03:47.784,106822.73509873448
2025-01-20 14:03:50.561,107813.34871276142
2025-01-20 15:03:51.077,107706.0110635397
2025-01-20 16:03:45.691,104908.16562559467
2025-01-20 17:03:49.066,106427.96405865643
2025-01-20 18:03:53.254,102864.58353348567
2025-01-20 19:03:12.889,104072.56426573706
2025-01-20 20:03:36.568,103686.82991966167
2025-01-20 21:03:54.187,103497.42529916775
2025-01-20 22:03:57.834,102377.84102066602
2025-01-20 23:03:50.997,103446.73844314495
2025-01-21 00:03:59.455,102094.72883937496
2025-01-21 01:03:51.394,101063.53964636955
2025-01-21 02:08:32.915,101243.9137563174
2025-01-21 03:03:26.032,102447.6852125143
2025-01-21 04:03:38.795,102966.85852955778
2025-01-21 05:08:22.644,101978.34294917599
2025-01-21 06:03:36.434,101243.17261680542
2025-01-21 07:02:01.431,101924.34094024563
2025-01-21 08:02:29.875,101885.47607960703
2025-01-21 09:03:44.058,102336.84862624663
2025-01-21 10:02:04.125,102574.84629104717
2025-01-21 11:03:25.375,103051.92019929607
2025-01-21 12:01:10.436,103680.99694575471
2025-01-21 13:03:51.018,104383.96704387927
2025-01-21 14:08:24.633,104476.60703758195
2025-01-21 15:03:44.899,103459.5911102788
2025-01-21 16:06:29.188,104071.02014123625
2025-01-21 17:03:36.864,104858.63180812451
2025-01-21 18:03:46.637,106132.12214687715
2025-01-21 19:03:39.258,106789.70708043047
2025-01-21 20:03:50.545,106969.68100810557
2025-01-21 21:03:38.206,106189.88295143405
2025-01-21 22:03:53.206,106817.77660526973
2025-01-21 23:03:48.136,106011.73551990329
2025-01-22 00:03:56.285,106193.34179411683
2025-01-22 01:07:51.434,106194.21780148889
2025-01-22 02:03:46.442,105769.31457674179
2025-01-22 03:03:42.084,105588.50079040088
2025-01-22 04:01:52.618,105676.93931147885
2025-01-22 05:05:58.507,105715.69067946191
2025-01-22 06:03:53.641,105684.2986472254
2025-01-22 07:04:13.059,105375.25471417564
2025-01-22 08:03:33.876,105121.58311323935
2025-01-22 09:03:38.751,105265.54039003127
2025-01-22 10:02:51.930,104964.5927061866
2025-01-22 11:03:49.650,105125.72871098916
2025-01-22 12:03:53.648,105064.6017722564
2025-01-22 13:03:51.756,105274.67946424602
2025-01-22 14:03:49.674,104058.3806290983
2025-01-22 15:07:40.597,104461.75496730869
2025-01-22 16:00:11.802,104585.95000093221
2025-01-22 17:04:05.496,103809.42598027962
2025-01-22 18:02:38.733,104404.40751192812
2025-01-22 19:04:00.639,103862.59857173236
2025-01-22 20:01:31.015,104604.75924580242
2025-01-22 21:03:41.164,104270.85038371527
2025-01-22 22:03:39.610,104063.7203689605
2025-01-22 23:03:48.831,103889.57174880913
2025-01-23 00:03:51.303,103610.2884720945
2025-01-23 01:01:12.223,103213.21801098887
2025-01-23 02:02:32.971,102932.26960635831
2025-01-23 03:03:34.822,102652.0766969804
2025-01-23 04:03:40.249,102393.49466027308
2025-01-23 05:03:56.984,101968.18865279967
2025-01-23 06:03:53.176,102477.01865221249
2025-01-23 07:03:32.310,102348.1246088757
2025-01-23 08:03:31.927,102601.69451384385
2025-01-23 09:03:51.202,102187.99212580184
2025-01-23 10:03:37.948,101564.38402240237
2025-01-23 11:03:47.028,101524.9578065445
2025-01-23 12:03:48.164,101920.04764680567
2025-01-23 13:03:51.981,101594.67223835022
2025-01-23 14:03:50.951,102542.27463064871
2025-01-23 15:03:46.393,105043.4453232807
2025-01-23 16:03:35.575,105232.58350232254
2025-01-23 17:02:44.470,105174.05793380646
2025-01-23 18:03:43.949,105928.72626806023
2025-01-23 19:08:23.726,105191.8127327177
2025-01-23 20:01:33.542,103770.54132314972
2025-01-23 21:08:46.584,103209.18071494896
2025-01-23 22:03:51.478,102970.65650816544
2025-01-23 23:03:51.212,103996.38358573921
2025-01-24 00:03:34.402,104067.60991206947
2025-01-24 01:03:40.648,103434.51990433177
2025-01-24 02:01:47.728,103076.00196581223
2025-01-24 03:03:37.238,103007.08090172919
2025-01-24 04:03:45.015,103996.44661167011
2025-01-24 05:03:35.112,104619.85404136483
2025-01-24 06:03:34.323,105272.24517544167
2025-01-24 07:08:24.397,105139.69976015505
2025-01-24 08:03:43.044,105052.05466479034
2025-01-24 09:00:51.185,105525.55511099196
2025-01-24 11:03:38.650,105260.18282658844
2025-01-24 12:03:43.938,105462.11123381382
2025-01-24 13:03:50.044,105540.321482502
2025-01-24 14:03:38.683,105130.34603584596
2025-01-24 15:03:39.191,105859.7275241652
2025-01-24 16:03:41.667,105950.67934141024
2025-01-24 17:03:35.526,105673.01827900164
2025-01-24 18:03:53.500,106462.47510536018
2025-01-24 19:00:51.731,106270.02361618343
2025-01-24 20:03:45.028,105773.10157051326
2025-01-24 21:03:43.718,105218.22708661461
2025-01-24 22:03:34.447,105090.6031924864
2025-01-24 23:00:28.947,104828.41023433676
2025-01-25 00:03:25.210,104865.34040196025
2025-01-25 01:03:58.408,104425.97081052078
2025-01-25 02:02:54.081,104682.38613952263
2025-01-25 03:03:53.709,104525.98725962896
2025-01-25 04:03:53.463,105196.8110903439
2025-01-25 05:03:42.032,104739.18830450674
2025-01-25 06:03:42.069,104297.64110327902
2025-01-25 07:03:32.346,104322.52268544042
2025-01-25 08:02:50.178,104351.20375978928
2025-01-25 09:00:47.056,104318.97199786601
2025-01-25 10:03:38.548,104357.26605159743
2025-01-25 11:01:36.915,104529.24290738242
2025-01-25 12:03:48.655,104629.57499842832
2025-01-25 13:03:40.199,104747.03513533014
2025-01-25 14:01:52.221,104717.30641848323
2025-01-25 15:03:26.697,104586.81029852289
2025-01-25 16:08:24.330,104882.16753037032
2025-01-25 17:03:54.021,104651.52346384723
2025-01-25 18:00:09.198,104817.00540588601
2025-01-25 19:03:43.888,105060.31985224345
2025-01-25 20:02:27.055,105057.75920696749
2025-01-25 21:03:33.902,104932.80976131176
2025-01-25 22:03:48.138,105115.58851030763
2025-01-25 23:02:28.784,105043.52337871982
2025-01-26 00:05:30.976,104757.72169371562
2025-01-26 01:04:09.235,104581.61343927286
2025-01-26 02:03:37.099,104600.84394681461
2025-01-26 03:03:22.321,104666.63517826005
2025-01-26 04:03:41.877,105022.7586042194
2025-01-26 05:08:33.097,105124.49967086142
2025-01-26 06:03:27.490,105074.1904986591
2025-01-26 07:03:47.383,104977.34707393417
2025-01-26 08:04:50.117,104977.55779459586
2025-01-26 09:03:11.555,105012.99705012147
2025-01-26 10:01:31.101,104626.84268435907
2025-01-26 11:03:39.696,104699.98623132128
2025-01-26 12:03:45.725,104824.49421411689
2025-01-26 13:01:46.714,104806.4631323314
2025-01-26 14:02:31.601,104946.3964345607
2025-01-26 15:03:42.149,104922.61570855931
2025-01-26 16:03:43.471,104946.39234830825
2025-01-26 17:03:45.092,104918.25372650998
2025-01-26 18:03:48.362,104955.009255737
2025-01-26 19:03:47.189,105205.034734833
2025-01-26 20:03:29.325,105063.78317116658
2025-01-26 21:03:37.236,104888.56792573529
2025-01-26 22:03:39.212,104656.02333256452
2025-01-26 23:03:39.912,104252.44945477527
2025-01-27 00:01:08.984,102624.65334083581
2025-01-27 01:03:43.607,101908.79856833804
2025-01-27 02:03:46.662,101234.88956868813
2025-01-27 03:03:32.256,100923.40894694143
2025-01-27 04:00:40.941,101284.67459905501
2025-01-27 05:03:57.692,100383.21348858169
2025-01-27 06:02:16.576,100385.40284056596
2025-01-27 07:03:44.853,98910.61330253117
2025-01-27 08:00:25.454,99264.17133349284
2025-01-27 09:08:25.540,99136.857895724
2025-01-27 10:03:42.675,99371.29777466608
2025-01-27 11:03:51.897,98380.59207932772
2025-01-27 12:03:07.693,98942.7402158788
2025-01-27 13:02:56.677,100751.62780133018
2025-01-27 14:03:48.153,100519.74186061068
2025-01-27 15:03:49.422,101907.9836785745
2025-01-27 16:04:02.880,101043.12534952544
2025-01-27 17:01:35.243,99598.86853780368
2025-01-27 18:02:04.557,99162.03326598273
2025-01-27 19:03:50.500,99143.84212430805
2025-01-27 20:02:23.439,99644.37967075614
2025-01-27 21:04:03.607,101486.5818079567
2025-01-27 22:08:33.504,101584.40962558467
2025-01-27 23:02:16.492,101728.82790773972
2025-01-28 00:03:16.719,102101.49013927419
2025-01-28 01:03:55.720,101840.79975571838
2025-01-28 02:08:28.168,101433.10979499303
2025-01-28 03:03:58.399,102411.57444755935
2025-01-28 04:01:27.356,102592.05437467458
2025-01-28 05:03:53.425,102922.52934594444
2025-01-28 06:03:49.391,102992.57835984608
2025-01-28 07:03:53.604,102684.42718421642
2025-01-28 08:03:44.184,102766.35271308372
2025-01-28 09:03:44.779,102855.90000083558
2025-01-28 10:04:00.188,102933.50523548406
2025-01-28 11:02:00.584,102740.42074274186
2025-01-28 12:03:51.865,102784.33565971034
2025-01-28 13:03:51.078,102563.30480114298
2025-01-28 14:03:53.877,102574.81008182403
2025-01-28 15:03:51.968,102700.26221764315
2025-01-28 16:03:39.613,102692.70970442574
2025-01-28 17:04:04.551,102298.89275485853
2025-01-28 18:02:59.073,102659.64718958936
2025-01-28 19:03:56.615,102180.32884007423
2025-01-28 20:04:04.896,102395.47703023312
2025-01-28 21:08:32.721,101325.03464318452
2025-01-28 22:03:43.465,100272.25743332352
2025-01-28 23:03:53.662,101191.8542200963
2025-01-29 00:04:00.450,101340.77163007476
2025-01-29 01:03:53.494,101745.6374749012
2025-01-29 02:03:39.357,101807.1531272082
2025-01-29 03:02:36.666,101754.883654293
2025-01-29 04:01:35.472,101972.19437391097
2025-01-29 05:03:48.624,101995.0326605567
2025-01-29 06:03:56.698,102245.25754593858
2025-01-29 07:03:43.479,102748.17207859305
2025-01-29 08:03:34.733,102678.89310173855
2025-01-29 09:00:58.690,102697.42551218392
2025-01-29 10:04:02.591,102267.58068692396
2025-01-29 11:03:55.506,102465.81108516718
2025-01-29 12:03:45.366,102578.2266858994
2025-01-29 13:03:58.610,102184.30912747399
2025-01-29 14:08:24.548,101764.76415521317
2025-01-29 15:04:01.369,102053.61102757561
2025-01-29 16:00:15.220,102063.53362483064
2025-01-29 17:03:47.900,102064.07066474401
2025-01-29 18:01:45.257,102542.84134196813
2025-01-29 19:03:46.781,102910.23934445361
2025-01-29 20:01:23.403,103621.21550924935
2025-01-29 21:04:01.470,104302.57891352312
2025-01-29 22:03:49.266,103725.06679541634
2025-01-29 23:03:57.446,103505.30962657207
2025-01-30 00:03:56.976,103715.7684209174
2025-01-30 01:03:40.817,104106.091328276
2025-01-30 02:09:12.032,104062.16245379577
2025-01-30 03:03:44.742,104621.97745138497
2025-01-30 04:01:57.045,105178.04867984517
2025-01-30 05:03:49.518,105402.31611817043
2025-01-30 06:03:48.600,105125.3428552742
2025-01-30 07:03:40.755,105192.17716115106
2025-01-30 08:03:39.373,105162.28920688407
2025-01-30 09:04:03.323,105068.55618632458
2025-01-30 10:04:02.800,105300.60344458018
2025-01-30 11:03:46.786,105314.44377232197
2025-01-30 12:04:44.070,105294.1238143463
2025-01-30 13:03:57.467,105033.27812610562
2025-01-30 14:03:45.989,104869.32058130573
2025-01-30 15:03:48.355,105892.90682330292
2025-01-30 16:03:42.085,105700.60377366941
2025-01-30 17:04:04.815,105684.10403389746
2025-01-30 18:04:03.176,105320.05136169468
2025-01-30 19:04:00.127,105611.5739729221
2025-01-30 20:03:52.221,105790.75505709808
2025-01-30 21:03:51.336,105188.81506348633
2025-01-30 22:03:41.158,105031.3530846565
2025-01-30 23:08:42.127,105121.06862147224
2025-01-31 00:03:42.553,104719.69018312056
2025-01-31 01:03:58.232,104859.2039947492
2025-01-31 02:04:01.918,104736.87599130778
2025-01-31 03:04:02.745,104322.18868785404
2025-01-31 04:04:00.347,104325.00174294008
2025-01-31 05:04:04.895,103991.35346005936
2025-01-31 06:03:39.901,104285.77813469055
2025-01-31 07:03:47.028,104506.3300564099
2025-01-31 08:08:41.111,104217.79035004404
2025-01-31 09:03:49.222,104030.89604475061
2025-01-31 10:08:35.249,104310.04406200137
2025-01-31 11:03:53.757,104274.53389246491
2025-01-31 12:03:58.237,104740.66194955219
2025-01-31 13:03:39.917,104668.68597425931
2025-01-31 14:03:58.995,104614.28446002454
2025-01-31 15:03:57.258,104475.41308585052
2025-01-31 16:03:51.787,105480.45394517481
2025-01-31 17:03:24.091,105071.25945425681
2025-01-31 18:01:52.530,104623.76134295262
2025-01-31 19:03:37.911,102524.21520732481
2025-01-31 20:03:42.567,102310.35586633568
2025-01-31 21:03:46.250,101598.16372711949
2025-01-31 22:03:47.520,101921.93619140107
2025-01-31 23:02:43.624,102231.1283769451
2025-02-01 00:03:41.032,102404.93376107872
2025-02-01 01:03:55.213,102470.38402887621
2025-02-01 02:03:53.898,102512.46698695565
2025-02-01 03:02:18.060,102403.77977300351
2025-02-01 04:04:00.119,102249.72937645671
2025-02-01 05:03:50.170,102293.87636307711
2025-02-01 06:03:52.868,102475.68101584575
2025-02-01 07:03:34.749,102392.6088536625
2025-02-01 08:01:44.168,102185.38756205894
2025-02-01 09:00:32.068,101992.51177679887
2025-02-01 10:01:58.541,101615.24850144365
2025-02-01 11:03:29.726,101592.66990862337
2025-02-01 12:03:27.151,102019.51548371714
2025-02-01 13:08:14.013,102149.95154515926
2025-02-01 14:01:43.267,101860.22271648972
2025-02-01 15:03:35.304,101823.14984091595
2025-02-01 16:03:46.677,102108.3490479744
2025-02-01 17:04:17.276,101882.43146116784
2025-02-01 18:03:52.509,102239.73795237648
2025-02-01 19:03:48.670,101992.1932854985
2025-02-01 20:08:38.590,101476.28084876582
2025-02-01 21:02:12.714,101341.21144517073
2025-02-01 22:06:41.288,101393.69478953844
2025-02-01 23:03:47.631,100522.89746094769
2025-02-02 00:08:32.693,100503.92993660411
2025-02-02 01:03:46.645,101237.55570873898
2025-02-02 02:03:46.706,101161.8529126038
2025-02-02 03:03:32.220,100488.42869471373
2025-02-02 04:07:15.956,99092.333588406
2025-02-02 05:03:36.344,99511.03304807426
2025-02-02 06:03:39.315,100272.9911974196
2025-02-02 07:00:43.585,100355.30821794734
2025-02-02 08:03:58.356,99593.13977161376
2025-02-02 09:03:54.032,99794.68350624843
2025-02-02 10:03:36.248,99645.40771022183
2025-02-02 11:03:06.477,99342.03532242186
2025-02-02 12:03:48.001,98933.28243566968
2025-02-02 13:03:25.768,98201.26569873706
2025-02-02 14:03:58.403,98791.6437249441
2025-02-02 15:03:39.736,99259.48949920906
2025-02-02 16:01:38.424,99306.8359207168
2025-02-02 17:02:35.650,98196.81871091944
2025-02-02 18:03:38.840,97157.76217158206
2025-02-02 19:03:45.446,96896.82676418213
2025-02-02 20:03:43.139,98235.87175043522
2025-02-02 21:00:45.736,97793.53821562871
2025-02-02 22:02:15.812,96988.74415938454
2025-02-02 23:03:47.863,97815.84535257479
2025-02-03 00:03:55.006,97652.02866142086
2025-02-03 01:03:25.784,96653.10505164102
2025-02-03 02:03:58.171,93517.87531879066
2025-02-03 03:02:39.228,93529.88153166145
2025-02-03 04:03:57.250,94068.23649713039
2025-02-03 05:03:42.326,92876.12162304203
2025-02-03 06:04:01.126,93885.07988775491
2025-02-03 07:04:21.688,93984.49582240354
2025-02-03 08:03:10.198,95437.74841070815
2025-02-03 09:03:50.939,95431.53785259378
2025-02-03 10:03:40.239,95373.35106292863
2025-02-03 11:03:55.347,95770.80181571534
2025-02-03 12:03:46.010,95184.99000103062
2025-02-03 13:03:33.432,94848.74372319518
2025-02-03 14:03:56.837,94721.98536030206
2025-02-03 15:05:03.441,96874.2426135226
2025-02-03 16:03:37.068,99175.4839366473
2025-02-03 17:03:56.331,98664.16766125984
2025-02-03 18:03:51.143,99427.091812037
2025-02-03 19:08:57.978,100109.60169399311
2025-02-03 20:03:58.656,102038.29415299969
2025-02-03 21:04:12.060,101776.9704902056
2025-02-03 22:03:45.958,102011.13759922635
2025-02-03 23:04:03.967,101786.57409375272
2025-02-04 00:01:56.275,101392.3150300614
2025-02-04 01:04:04.126,101177.50269250017
2025-02-04 02:08:36.302,101468.37868950945
2025-02-04 03:03:52.232,100843.17354271388
2025-02-04 04:03:52.533,100696.1326357584
2025-02-04 05:04:05.375,100163.72562649935
2025-02-04 06:03:54.372,99248.39363079518
2025-02-04 07:04:03.227,99414.93416195072
2025-02-04 08:02:57.118,98461.65323336356
2025-02-04 09:03:52.878,98361.85276813261
2025-02-04 10:08:40.006,98707.16429232086
2025-02-04 11:02:02.244,98900.15664785431
2025-02-04 12:03:49.625,99125.47947716463
2025-02-04 13:04:02.382,99369.05940581522
2025-02-04 14:03:57.983,99132.60917545018
2025-02-04 15:03:55.742,100160.09279025279
2025-02-04 16:04:10.533,99503.28222371545
2025-02-04 17:01:34.919,99207.7117070122
2025-02-04 18:04:06.155,99243.8917964687
2025-02-04 19:04:02.973,99359.35824162222
2025-02-04 20:04:02.905,98860.42539595038
2025-02-04 21:08:44.686,97972.8075370943
2025-02-04 22:04:10.694,96386.5143187413
2025-02-04 23:01:55.641,97690.61739242118
2025-02-05 00:03:56.312,97888.30731950274
2025-02-05 01:03:57.514,98360.40524167611
2025-02-05 02:02:52.157,97742.4722066188
2025-02-05 03:03:34.380,98029.77668903438
2025-02-05 04:00:06.424,98006.5293424413
2025-02-05 05:04:09.895,98094.7373713875
2025-02-05 06:03:38.079,98200.71650096471
2025-02-05 07:03:50.074,97513.92279729006
2025-02-05 08:03:50.441,97904.93450676241
2025-02-05 09:03:58.345,97656.24528073946
2025-02-05 10:03:50.353,97450.19613346204
2025-02-05 11:03:52.815,97759.8831753512
2025-02-05 12:01:03.860,98193.32303841642
2025-02-05 13:02:35.879,98045.78183003876
2025-02-05 14:04:13.296,98611.46674060835
2025-02-05 15:03:15.819,98351.26868548083
2025-02-05 16:01:49.250,98192.99346867306
2025-02-05 17:03:47.273,98044.92329209218
2025-02-05 18:04:04.941,97736.3008613856
2025-02-05 19:04:09.173,96709.7362968561
2025-02-05 20:02:38.875,97377.74729659544
2025-02-05 21:04:00.438,97326.90138999239
2025-02-05 22:04:10.280,96870.39922901063
2025-02-05 23:03:48.268,96439.88149814382
2025-02-06 00:03:59.513,96613.00809483857
2025-02-06 01:03:45.864,96839.96420150516
2025-02-06 02:04:01.898,97130.53973144067
2025-02-06 03:00:24.898,97355.35589817187
2025-02-06 04:04:11.043,97355.40414806851
2025-02-06 05:03:40.870,97643.75264902429
2025-02-06 06:08:28.951,97775.60672474427
2025-02-06 07:04:11.555,98402.46047835614
2025-02-06 08:00:08.101,98232.29586759426
2025-02-06 09:08:32.486,98211.45992465959
2025-02-06 10:03:55.136,98692.44773552474
2025-02-06 11:04:02.195,98975.0605619712
2025-02-06 12:01:57.109,98901.87439582883
2025-02-06 13:01:52.501,98359.249482822
2025-02-06 14:08:31.052,98548.2185810839
2025-02-06 15:01:09.316,97920.76851950152
2025-02-06 16:02:47.492,97232.86007013674
2025-02-06 17:03:43.384,96581.82206855995
2025-02-06 18:04:00.401,96720.71725520355
2025-02-06 19:02:56.212,96340.12998876366
2025-02-06 20:04:01.843,95967.15004023662
2025-02-06 21:03:56.060,96900.66888552891
2025-02-06 22:01:12.092,96784.5850446752
2025-02-06 23:04:09.795,96928.85157608312
2025-02-07 00:03:51.765,96567.63486519158
2025-02-07 01:08:28.742,96656.38389228036
2025-02-07 02:04:10.825,97463.82094798237
2025-02-07 03:04:01.886,97585.5765251919
2025-02-07 04:03:58.031,97442.04681675724
2025-02-07 05:03:41.061,97459.12539682529
2025-02-07 06:01:37.655,97354.27325739387
2025-02-07 07:00:26.442,96876.89154634211
2025-02-07 08:03:51.391,96765.55824275386
2025-02-07 09:04:09.234,97129.2131679456
2025-02-07 10:03:50.207,97337.03098963221
2025-02-07 11:03:34.511,97316.41651615771
2025-02-07 12:00:56.631,97760.09397417755
2025-02-07 13:03:55.385,98006.31102408515
2025-02-07 14:03:06.155,98873.42490634344
2025-02-07 15:03:09.508,99606.01843437883
2025-02-07 16:04:13.816,98081.80812585702
2025-02-07 17:03:52.752,97880.47132241819
2025-02-07 18:04:23.151,97416.13593512993
2025-02-07 19:04:05.117,97758.33738706807
2025-02-07 20:04:14.604,96896.28982042264
2025-02-07 21:03:42.904,95746.87395405429
2025-02-07 22:03:50.336,96040.13865031378
2025-02-07 23:04:02.331,96108.29568062663
2025-02-08 00:04:04.306,96558.4563096667
2025-02-08 01:04:16.292,96670.89656751913
2025-02-08 02:04:15.147,96548.21819135682
2025-02-08 03:03:44.400,96786.35922159553
2025-02-08 04:03:45.095,96713.24797153489
2025-02-08 05:04:11.997,96320.34813679579
2025-02-08 06:04:06.448,96154.76117032336
2025-02-08 07:03:49.795,95952.52432602612
2025-02-08 08:04:00.625,96223.7407871112
2025-02-08 09:03:47.457,95905.61306579997
2025-02-08 10:02:34.123,96095.3786132481
2025-02-08 11:03:43.068,96039.32910256689
2025-02-08 12:04:08.355,96003.7579365969
2025-02-08 13:08:45.465,96087.21179559056
2025-02-08 14:03:52.395,96218.75936833651
2025-02-08 15:03:56.703,96072.01389415626
2025-02-08 16:03:51.360,95836.79513855922
2025-02-08 17:04:08.165,96168.08067753738
2025-02-08 18:03:56.480,96355.02099871126
2025-02-08 19:04:24.996,96518.94915955854
2025-02-08 20:04:01.049,96645.85029878837
2025-02-08 21:04:11.842,96484.13257174032
2025-02-08 22:03:47.816,96501.1504913647
2025-02-08 23:03:50.607,96487.0543625433
2025-02-09 00:04:17.343,96454.44602149501
2025-02-09 01:03:49.419,96569.42155748123
2025-02-09 02:03:48.177,97011.60027792904
2025-02-09 03:03:53.688,96779.30602990102
2025-02-09 04:08:40.312,97259.00138784561
2025-02-09 05:03:52.099,97267.4076648532
2025-02-09 06:03:57.204,97046.2789388488
2025-02-09 07:03:49.412,97028.92076912236
2025-02-09 08:04:08.033,97117.2428080168
2025-02-09 09:03:52.948,97108.03391440804
2025-02-09 10:03:54.094,96890.28323028823
2025-02-09 11:03:57.408,96808.57964192933
2025-02-09 12:05:50.891,96603.27364795694
2025-02-09 13:03:52.621,96550.38390104315
2025-02-09 14:03:56.421,95906.49171654721
2025-02-09 15:04:06.468,96162.13377205859
2025-02-09 16:01:09.843,96498.54652003417
2025-02-09 17:04:12.396,96458.06093493411
2025-02-09 18:08:51.218,96125.10211989976
2025-02-09 19:08:46.829,96218.25827497702
2025-02-09 20:03:51.775,96096.82739593633
2025-02-09 21:03:53.818,96325.2632461819
2025-02-09 22:03:52.847,95340.48294665758
2025-02-09 23:03:03.213,95841.1801230943
2025-02-10 00:04:12.806,96519.99549282841
2025-02-10 01:04:09.496,96766.93559529584
2025-02-10 02:03:44.925,95524.22026320195
2025-02-10 03:00:37.956,95821.87762306974
2025-02-10 04:03:41.360,96805.44643078477
2025-02-10 05:04:20.006,96961.36839920148
2025-02-10 06:02:42.650,97071.92621073166
2025-02-10 07:04:15.757,97151.54613521088
2025-02-10 08:07:13.748,97464.14633368152
2025-02-10 09:03:47.056,97701.28028726348
2025-02-10 10:01:24.403,97510.84742833716
2025-02-10 11:04:29.824,97730.66462298081
2025-02-10 12:04:12.943,97731.48183582605
2025-02-10 13:04:00.182,97403.90940767614
2025-02-10 14:04:27.572,98334.08502172824
2025-02-10 15:04:07.909,97346.47301436782
2025-02-10 16:03:57.314,97251.75237452232
2025-02-10 17:04:17.780,97303.13910111328
2025-02-10 18:04:02.921,97523.71433146537
2025-02-10 19:08:43.736,97585.55088034495
2025-02-10 20:04:33.853,97367.3655911921
2025-02-10 21:03:57.706,97343.1682807978
2025-02-10 22:00:51.728,97398.42007998587
2025-02-10 23:03:51.098,97390.4434974332
2025-02-11 00:03:16.889,97465.03795561657
2025-02-11 01:08:51.459,97996.74379122132
2025-02-11 02:04:00.545,98062.17536313026
2025-02-11 03:02:11.821,97840.1754897783
2025-02-11 04:04:07.829,97607.9294183258
2025-02-11 05:04:12.556,98044.67328804094
2025-02-11 06:03:58.166,98467.0013054058
2025-02-11 07:04:26.923,98423.6912281288
2025-02-11 08:03:57.944,98291.91112214026
2025-02-11 09:04:08.177,98271.14915988536
2025-02-11 10:04:11.776,98047.45718678787
2025-02-11 11:03:47.853,98009.83713490752
2025-02-11 12:04:20.249,98146.26604694665
2025-02-11 13:03:55.918,97785.0383083442
2025-02-11 14:04:06.434,96938.19708318585
2025-02-11 15:03:47.119,96977.78556048905
2025-02-11 16:07:07.324,96889.91975757855
2025-02-11 17:04:19.151,96315.37542059057
2025-02-11 18:04:19.864,96084.83930864246
2025-02-11 19:07:04.093,95551.77083156312
2025-02-11 20:02:59.012,95017.42507160608
2025-02-11 21:04:08.503,95303.46815226416
2025-02-11 22:04:19.586,96328.03689038444
2025-02-11 23:04:23.283,95561.70494164275
2025-02-12 00:04:04.920,95743.13972459143
2025-02-12 01:00:50.639,96077.33083493997
2025-02-12 02:04:10.902,96150.97841210228
2025-02-12 03:01:52.354,95535.57535709743
2025-02-12 04:03:03.459,95372.30093011959
2025-02-12 05:03:50.149,95508.78766861194
2025-02-12 06:04:12.696,95862.97586573691
2025-02-12 07:04:09.592,95809.99388128315
2025-02-12 08:01:43.765,95946.08824913332
2025-02-12 09:04:30.071,96281.23094009243
2025-02-12 10:03:32.376,96126.64137548784
2025-02-12 11:04:04.437,95982.41228195447
2025-02-12 12:04:06.062,96108.54335491334
2025-02-12 13:04:08.493,95918.14912302299
2025-02-12 14:04:09.506,94907.03940613412
2025-02-12 15:04:15.421,95383.62955535506
2025-02-12 16:03:50.406,95853.86268315182
2025-02-12 17:04:26.154,97131.40302480535
2025-02-12 18:04:16.791,97372.92506928637
2025-02-12 19:04:00.157,96927.40233152782
2025-02-12 20:09:02.782,97041.14442247873
2025-02-12 21:04:31.577,96953.21159837977
2025-02-12 22:04:06.802,97581.66121244403
2025-02-12 23:04:30.772,97917.74883920769
2025-02-13 00:04:19.716,97886.93195784716
2025-02-13 01:04:02.071,97822.8847791465
2025-02-13 02:04:21.301,97984.76780314116
2025-02-13 03:04:25.132,97482.69236537757
2025-02-13 04:04:10.538,97545.82090794371
2025-02-13 05:04:07.599,96884.50484747115
2025-02-13 06:04:33.632,96702.94414130866
2025-02-13 07:03:40.197,96045.87665482667
2025-02-13 08:04:12.989,96036.93855574471
2025-02-13 09:04:17.948,95893.42457979695
2025-02-13 10:00:25.788,96255.72778377474
2025-02-13 11:04:14.032,96139.62356455375
2025-02-13 12:04:00.551,95946.82224702308
2025-02-13 13:08:52.578,95767.65830889478
2025-02-13 14:04:22.419,96113.53673267111
2025-02-13 15:04:10.462,95878.64612431273
2025-02-13 16:03:59.822,95917.38358350989
2025-02-13 17:00:31.421,95458.140300641
2025-02-13 18:04:14.750,95637.78525555778
2025-02-13 19:03:54.469,96003.14980785846
2025-02-13 20:09:06.939,95782.51396129551
2025-02-13 21:04:01.322,96300.0609397171
2025-02-13 22:07:21.359,96497.23557421484
2025-02-13 23:01:45.959,96374.20669516998
2025-02-14 00:08:26.474,96666.70960779543
2025-02-14 01:04:18.947,96828.89943203412
2025-02-14 02:03:59.693,96532.5779782049
2025-02-14 03:04:10.767,96579.33951604052
2025-02-14 04:04:25.171,97152.49941358573
2025-02-14 05:04:15.695,96779.1732418888
2025-02-14 06:04:27.249,96703.60390210796
2025-02-14 07:00:19.209,96772.32613035057
2025-02-14 08:04:14.366,97004.55038734362
2025-02-14 09:04:20.803,96886.55281117093
2025-02-14 10:04:13.742,97140.50472343343
2025-02-14 11:04:14.630,97031.12535349325
2025-02-14 12:04:09.226,96901.61280060273
2025-02-14 13:03:35.410,96674.16542518875
2025-02-14 14:04:16.536,96817.72457029505
2025-02-14 15:04:08.030,97324.06933798644
2025-02-14 16:04:00.368,96961.0929667185
2025-02-14 17:04:14.298,97772.85353304356
2025-02-14 18:04:18.324,98623.62137807804
2025-02-14 19:03:35.581,98214.29854725617
2025-02-14 20:04:27.377,97961.4270398272
2025-02-14 21:08:51.836,97314.71761687646
2025-02-14 22:04:21.801,97381.31607548901
2025-02-14 23:04:09.783,97190.84281503958
2025-02-15 00:04:07.449,97525.56432832252
2025-02-15 01:02:44.761,97465.74346570221
2025-02-15 02:04:21.757,97811.65069075664
2025-02-15 03:01:10.495,97810.11853984169
2025-02-15 04:03:51.511,97680.37583137362
2025-02-15 05:09:01.276,97555.50423518383
2025-02-15 06:04:11.294,97596.36340969727
2025-02-15 07:09:24.932,97534.03412413939
2025-02-15 08:03:58.198,97401.87016895857
2025-02-15 09:04:11.383,97504.16571792305
2025-02-15 10:09:13.164,97524.57452619587
2025-02-15 11:00:59.437,97726.54687428048
2025-02-15 12:04:18.755,97599.45342665966
2025-02-15 13:01:43.979,97755.57301650841
2025-02-15 14:04:00.850,97743.06912727187
2025-02-15 15:04:20.336,97643.02998914919
2025-02-15 16:09:10.344,97690.30146549319
2025-02-15 17:03:55.009,97533.1040216401
2025-02-15 18:00:40.667,97422.02899712167
2025-02-15 19:00:33.236,97595.31113086389
2025-02-15 20:04:19.773,97588.83350317659
2025-02-15 21:04:15.188,97552.17038179221
2025-02-15 22:04:16.328,97709.33332248866
2025-02-15 23:03:30.801,97545.4160810322
2025-02-16 00:08:58.860,97651.63779310409
2025-02-16 01:03:17.474,97619.7866463706
2025-02-16 02:03:35.776,97670.43504008041
2025-02-16 03:00:38.025,97548.37442069995
2025-02-16 04:03:56.282,97557.1527649986
2025-02-16 05:03:59.283,97540.4302583713
2025-02-16 06:03:58.157,97602.86236725133
2025-02-16 07:01:12.853,97485.10316361366
2025-02-16 08:04:05.580,97230.9985896581
2025-02-16 09:07:02.379,97125.39953728911
2025-02-16 10:02:25.441,97374.59042056215
2025-02-16 11:03:27.604,97179.53603625878
2025-02-16 12:03:49.790,97336.20781895904
2025-02-16 13:03:56.263,97102.97273794797
2025-02-16 14:03:53.782,96820.88754034557
2025-02-16 15:04:03.853,96973.53423641954
2025-02-16 16:04:02.746,96965.21530590902
2025-02-16 17:04:15.153,97074.7553724119
2025-02-16 18:04:16.263,96972.41824936462
2025-02-16 19:02:37.915,96911.18680524954
2025-02-16 20:01:05.214,97057.54396616183
2025-02-16 21:03:54.909,96915.58776734979
2025-02-16 22:04:18.072,97161.8859953998
2025-02-16 23:03:42.553,96889.88885007307
2025-02-17 00:04:01.303,96122.86600485025
2025-02-17 01:04:16.994,96306.8893048766
2025-02-17 02:01:57.801,96529.14863264606
2025-02-17 03:00:53.065,96203.28295054514
2025-02-17 04:06:49.888,96185.61060460084
2025-02-17 05:04:01.732,96124.05481404
2025-02-17 06:03:47.584,96258.4683507194
2025-02-17 07:04:03.554,96363.60291349764
2025-02-17 08:04:02.845,96103.04905731311
2025-02-17 09:04:09.644,96125.59652377032
2025-02-17 10:04:47.383,96162.96642649428
2025-02-17 11:04:12.831,96115.17848679269
2025-02-17 12:04:09.411,96070.76836745605
2025-02-17 13:03:56.823,96472.19885359015
2025-02-17 14:09:01.694,96469.90302563595
2025-02-17 15:03:19.163,96825.39185696325
2025-02-17 16:03:59.096,95601.77121160176
2025-02-17 17:03:49.983,95367.30839787448
2025-02-17 18:04:08.444,95473.9227113629
2025-02-17 19:04:17.506,95305.81471590063
2025-02-17 20:04:24.419,95517.3362841228
2025-02-17 21:04:25.810,96001.22510228083
2025-02-17 22:04:28.726,96394.20010452533
2025-02-17 23:03:53.370,95910.6343997475
2025-02-18 00:04:13.462,95784.62953852078
2025-02-18 01:04:27.335,95657.12403089936
2025-02-18 02:04:14.216,96283.17216937791
2025-02-18 03:04:04.967,96049.47160409925
2025-02-18 04:03:52.652,96188.68435164474
2025-02-18 05:04:58.619,96057.16749618895
2025-02-18 06:04:36.443,95607.02526683104
2025-02-18 07:05:29.280,95364.76732236886
2025-02-18 08:09:27.434,95318.63732379173
2025-02-18 09:04:26.644,95189.2521445793
2025-02-18 10:00:45.871,95719.26020920448
2025-02-18 11:06:02.748,95713.43307222998
2025-02-18 12:00:37.611,95626.63610131448
2025-02-18 13:04:36.561,96171.78850952118
2025-02-18 14:04:52.860,96130.53749194527
2025-02-18 15:04:52.776,95503.68783507988
2025-02-18 16:07:39.716,95429.11009120086
2025-02-18 17:04:41.400,94580.67364083909
2025-02-18 18:04:52.675,94035.03488149004
2025-02-18 19:04:43.717,93902.52254777655
2025-02-18 20:01:48.970,94054.50815083837
2025-02-18 21:04:45.201,94134.52184393156
2025-02-18 22:02:04.924,94953.73212288553
2025-02-18 23:05:35.383,95259.61791981726
2025-02-19 00:03:23.374,95613.70786478418
2025-02-19 01:03:28.072,95280.7459174621
2025-02-19 02:04:50.779,95317.50472754847
2025-02-19 03:04:27.107,95727.74865208809
2025-02-19 04:09:39.896,95665.49231937547
2025-02-19 05:04:21.217,95176.94369782117
2025-02-19 06:04:30.541,95224.12571943826
2025-02-19 07:04:54.369,95586.35220471295
2025-02-19 08:09:25.956,95680.7581641533
2025-02-19 09:04:36.363,95590.61583351126
2025-02-19 10:04:49.901,95949.78606201638
2025-02-19 11:04:19.894,96302.84963715746
2025-02-19 12:06:38.418,96414.46175112732
2025-02-19 13:04:30.798,96194.7062967688
2025-02-19 14:04:39.998,96235.09041058479
2025-02-19 15:04:21.303,95728.44469201894
2025-02-19 16:00:33.141,95946.65997661931
2025-02-19 17:04:53.114,96051.7756014956
2025-02-19 18:04:53.124,96386.72652871323
2025-02-19 19:07:06.834,95622.78488625766
2025-02-19 20:04:39.239,96157.47075255743
2025-02-19 21:04:44.679,96137.40416742311
2025-02-19 22:05:34.349,96423.82994264697
2025-02-19 23:03:42.693,96540.84301900618
2025-02-20 00:06:16.528,96631.9764747056
2025-02-20 01:04:55.780,96836.56956169584
2025-02-20 02:03:02.861,96753.44819523895
2025-02-20 03:00:38.172,97179.21961256368
2025-02-20 04:04:44.986,97060.52011571353
2025-02-20 05:00:35.014,97183.01235981267
2025-02-20 06:05:01.256,96922.7147115594
2025-02-20 07:01:07.175,96913.83407061106
2025-02-20 08:04:41.781,97004.88168451515
2025-02-20 09:01:01.985,97188.8027667773
2025-02-20 10:04:45.189,97192.89155485418
2025-02-20 11:05:54.364,97406.95451404073
2025-02-20 12:04:53.780,97248.13930504581
2025-02-20 13:04:21.306,97439.5651782597
2025-02-20 14:05:43.049,97597.5898426476
2025-02-20 15:09:30.030,97202.8689987542
2025-02-20 16:04:41.884,96876.26093402511
2025-02-20 17:06:49.908,97714.3371744566
2025-02-20 18:03:34.411,98018.59661832507
2025-02-20 19:04:46.413,98338.7018272712
2025-02-20 20:07:50.481,98481.54369856586
2025-02-20 21:04:48.201,98519.0592307595
2025-02-20 22:04:20.397,98022.05812096567
2025-02-20 23:04:56.646,98227.3320679309
2025-02-21 00:04:28.449,98336.68799774042
2025-02-21 01:07:45.226,98250.85003188688
2025-02-21 02:04:57.538,98368.18235937174
2025-02-21 03:04:46.043,98126.16133511938
2025-02-21 04:04:36.364,98241.82244249899
2025-02-21 05:04:43.530,98247.45441227335
2025-02-21 06:09:18.155,98328.75213668121
2025-02-21 07:00:30.275,98421.66598679434
2025-02-21 08:04:23.729,98190.5219426655
2025-02-21 09:04:49.539,98306.70568096745
2025-02-21 10:04:26.847,98354.95929916999
2025-02-21 11:00:52.127,98635.9937326328
2025-02-21 12:04:51.988,98641.48664582448
2025-02-21 13:03:40.066,98941.1725782136
2025-02-21 14:07:40.214,99244.09049710589
2025-02-21 15:04:38.351,98689.12290385604
2025-02-21 16:01:43.142,98200.30835870569
2025-02-21 17:04:16.439,98208.05256779343
2025-02-21 18:04:42.447,97057.94737411733
2025-02-21 19:04:57.810,96432.40639733619
2025-02-21 20:04:57.717,95188.4232914197
2025-02-21 21:01:41.905,94909.23471393716
2025-02-21 22:04:46.216,95374.40372435798
2025-02-21 23:04:58.218,95744.67131189487
2025-02-22 00:04:32.453,96135.15541305285
2025-02-22 01:03:49.822,96175.80021236626
2025-02-22 02:04:57.978,96214.64163369463
2025-02-22 03:03:51.217,96324.83585906116
2025-02-22 04:05:58.222,96379.27904139952
2025-02-22 05:00:34.202,96361.62676840216
2025-02-22 06:04:58.495,96448.06002721623
2025-02-22 07:04:54.123,96389.686033179
2025-02-22 08:03:34.715,96304.5157111551
2025-02-22 09:05:12.632,96211.30637187278
2025-02-22 10:04:05.336,96479.11808533416
2025-02-22 11:04:46.590,96480.22631988948
2025-02-22 12:04:29.298,96594.85836473043
2025-02-22 13:01:07.696,96857.71626951931
2025-02-22 14:09:22.015,96640.432707833
2025-02-22 15:05:21.603,96533.46795238968
2025-02-22 16:04:48.803,96582.88770834969
2025-02-22 17:04:43.302,96493.95352259732
2025-02-22 18:04:59.220,96668.33083690105
2025-02-22 19:02:15.198,96417.94490841779
2025-02-22 20:04:50.643,96631.34570897685
2025-02-22 21:04:44.980,96576.69186359123
2025-02-22 22:01:33.157,96676.44236752397
2025-02-22 23:05:45.135,96635.74766480611
2025-02-23 00:04:47.721,96526.3245193673
2025-02-23 01:04:50.090,96652.72840228872
2025-02-23 02:04:51.387,96486.16095700496
2025-02-23 03:04:36.316,96413.29570390456
2025-02-23 04:04:41.720,96433.35114701596
2025-02-23 05:04:46.475,96423.40572186683
2025-02-23 06:04:37.616,96216.37468385046
2025-02-23 07:02:03.265,96345.70036309761
2025-02-23 08:04:31.344,96532.36465453282
2025-02-23 09:04:53.321,96345.45264741067
2025-02-23 10:00:21.052,96327.06984242801
2025-02-23 11:04:48.539,96170.77690652086
2025-02-23 12:00:50.617,96113.94673119442
2025-02-23 13:04:51.833,95729.51884312728
2025-02-23 14:04:49.250,95910.3437706451
2025-02-23 15:04:45.840,95578.6571267704
2025-02-23 16:04:37.446,95432.65221910209
2025-02-23 17:04:48.221,95425.30528594145
2025-02-23 18:05:32.331,95664.86676122127
2025-02-23 19:09:24.749,95807.78271920708
2025-02-23 20:04:57.514,95748.56191472913
2025-02-23 21:04:48.030,95784.84215984003
2025-02-23 22:04:56.654,95764.18321415772
2025-02-23 23:09:21.219,96100.14512743866
2025-02-24 00:03:58.045,96265.42843123179
2025-02-24 01:04:32.015,96235.4969392334
2025-02-24 02:04:40.171,95980.26132457636
2025-02-24 03:04:27.810,95792.0954841429
2025-02-24 04:04:56.717,95444.921653889
2025-02-24 05:01:04.500,95286.7956865605
2025-02-24 06:04:32.274,95738.04972301621
2025-02-24 07:04:24.571,95913.34522050363
2025-02-24 08:04:48.274,95901.8386976779
2025-02-24 09:04:55.513,95542.30879671387
2025-02-24 10:04:38.788,95806.49386697571
2025-02-24 11:04:29.936,95640.85834666436
2025-02-24 12:04:45.829,95832.80810182482
2025-02-24 13:04:42.429,95796.86204044832
2025-02-24 14:04:10.530,95536.92475658203
2025-02-24 15:05:00.194,94752.9231933443
2025-02-24 16:07:36.417,94242.24036204048
2025-02-24 17:04:48.544,94308.47790279647
2025-02-24 18:04:55.855,94634.09914253639
2025-02-24 19:04:43.068,94136.87035612758
2025-02-24 20:04:32.403,93870.86137654915
2025-02-24 21:03:37.801,93976.22734751913
2025-02-24 22:04:58.981,93954.42572459971
2025-02-24 23:04:10.160,92361.39840402018
2025-02-25 00:04:59.811,91581.54822567313
2025-02-25 01:01:30.844,91837.13011638554
2025-02-25 02:04:20.838,92013.31215072384
2025-02-25 03:04:56.335,92306.01372151902
2025-02-25 04:04:46.408,92105.6033404217
2025-02-25 05:09:18.813,91820.5412072708
2025-02-25 06:06:35.030,91940.55326491955
2025-02-25 07:04:47.171,91256.70542813146
2025-02-25 08:04:15.825,89090.97043741599
2025-02-25 09:01:02.370,89396.73950666585
2025-02-25 10:05:57.382,88440.37884721062
2025-02-25 11:04:36.059,88201.3382303592
2025-02-25 12:04:46.178,89256.52949098358
2025-02-25 13:04:40.670,89391.201092851
2025-02-25 14:09:28.139,88789.8197934742
2025-02-25 15:09:24.610,86867.66638189416
2025-02-25 16:09:24.690,86776.4546745387
2025-02-25 17:09:15.140,87366.87218874015
2025-02-25 18:09:41.791,87392.79936497574
2025-02-25 19:01:49.546,86941.61569710268
2025-02-25 20:04:53.681,87837.98611845393
2025-02-25 21:01:39.627,88056.54698126936
2025-02-25 22:09:45.639,89142.8156418093
2025-02-25 23:09:38.390,89006.72620143932
2025-02-26 00:08:53.938,88463.02814951622
2025-02-26 01:09:45.658,88129.4582649271
2025-02-26 02:05:27.951,88582.89007988699
2025-02-26 03:08:26.575,89010.2709977032
2025-02-26 04:09:26.619,88849.42547092162
2025-02-26 05:04:43.636,88627.54762623741
2025-02-26 06:04:48.324,88377.108768736
2025-02-26 07:09:08.380,88829.00914641502
2025-02-26 08:04:36.710,88672.10610119285
2025-02-26 09:04:17.986,88447.98677406105
2025-02-26 10:04:49.265,89035.46679968933
2025-02-26 11:05:30.847,89191.07152838832
2025-02-26 12:04:19.989,88591.27153709585
2025-02-26 13:04:57.308,87915.24559540932
2025-02-26 14:04:53.742,86973.31331258506
2025-02-26 15:04:41.245,87527.16336925325
2025-02-26 16:01:06.530,87384.08580336162
2025-02-26 17:05:35.340,86693.74231687622
2025-02-26 18:04:52.167,85901.66149196563
2025-02-26 19:04:58.494,84103.29594104021
2025-02-26 20:07:03.343,83753.25723879317
2025-02-26 21:05:29.701,84033.67383603823
2025-02-26 22:04:51.580,84508.0886401965
2025-02-26 23:04:44.223,84301.81196811788
2025-02-27 00:04:57.146,84136.6270309708
2025-02-27 01:00:33.204,84539.85867570058
2025-02-27 02:07:39.379,84559.84873137249
2025-02-27 03:03:23.975,84283.81642317647
2025-02-27 04:04:18.422,85132.65827117102
2025-02-27 05:09:12.323,85035.83826254253
2025-02-27 06:04:45.122,85749.7757679238
2025-02-27 07:04:28.938,86174.31224944406
2025-02-27 08:04:28.696,86219.35590995634
2025-02-27 09:04:38.683,85993.04087670334
2025-02-27 10:04:44.385,86074.32031147683
2025-02-27 11:04:50.652,86951.11150965454
2025-02-27 12:04:58.578,86658.62256231347
2025-02-27 13:04:42.833,86247.63680503149
2025-02-27 14:04:54.100,86051.58311473635
2025-02-27 15:04:44.189,84937.58784593474
2025-02-27 16:12:05.479,85465.98308790909
2025-02-27 17:06:45.252,84434.42898184851
2025-02-27 18:04:35.450,84484.3560760712
2025-02-27 19:09:29.693,84308.63045291128
2025-02-27 20:04:49.162,83946.71468689031
2025-02-27 21:04:41.086,83456.54639867684
2025-02-27 22:04:57.260,84201.35039951056
2025-02-27 23:04:30.095,84575.08070076704
2025-02-28 00:05:00.195,84689.50963635083
2025-02-28 01:04:49.739,84174.60386136748
2025-02-28 02:05:42.417,81731.45985922733
2025-02-28 03:09:52.358,81150.26278342587
2025-02-28 04:04:55.802,80450.79294794661
2025-02-28 05:01:46.910,80327.90968370625
2025-02-28 06:04:43.440,79873.24246763966
2025-02-28 07:08:53.466,79796.03338247676
2025-02-28 08:04:36.289,79079.23853988826
2025-02-28 09:04:31.902,78940.43864942867
2025-02-28 10:09:24.105,79998.57693365982
2025-02-28 11:04:46.563,79962.43838770282
2025-02-28 12:03:00.812,80435.1886242044
2025-02-28 13:04:36.416,80772.67815795937
2025-02-28 14:04:47.958,81473.42315333462
2025-02-28 15:09:21.818,82319.00615781517
2025-02-28 16:03:36.928,83979.37551380234
2025-02-28 17:02:36.098,84391.42017096882
2025-02-28 18:01:49.181,83657.49178573994
2025-02-28 19:03:23.947,84357.8359375325
2025-02-28 20:04:47.805,84401.15171227718
2025-02-28 21:04:46.499,84180.34506243317
2025-02-28 22:07:23.300,84366.4982526792
2025-02-28 23:09:29.129,84116.90940478408
2025-03-01 00:04:49.222,84316.57799844211
2025-03-01 01:04:45.960,83818.25957742738
2025-03-01 02:06:09.617,84377.49004801741
2025-03-01 03:04:50.497,85258.01997722525
2025-03-01 04:04:52.221,85288.51830750107
2025-03-01 05:04:58.266,86187.61560877925
2025-03-01 06:09:43.335,85499.73208015299
2025-03-01 07:04:40.353,85040.27992527063
2025-03-01 08:09:49.820,84987.8829445724
2025-03-01 09:04:56.475,85248.50951064646
2025-03-01 09:45:56.000,85173.4829142655
